using UnityEngine;
using GameCreator.Runtime.Common;
 
namespace Fullscreen.EditorPro
{
    public class IconEditorPro : TIcon
    {
        public IconEditorPro(ColorTheme.Type color, IIcon overlay = null):this(ColorTheme.Get(color), overlay){ }
        public IconEditorPro(Color color, IIcon overlay = null) : base(color, overlay) { }

        protected override byte[] Bytes => new byte[]
        {
            0x6F, 0x6F, 0x6F, 0x59, 0x81, 0x81, 0x81, 0x7C, 0x89, 0x89, 0x89, 0x89, 
0x89, 0x89, 0x89, 0x80, 0x89, 0x89, 0x89, 0x77, 0x89, 0x89, 0x89, 0x6E, 
0x89, 0x89, 0x89, 0x65, 0x89, 0x89, 0x89, 0x5C, 0x89, 0x89, 0x89, 0x54, 
0x89, 0x89, 0x89, 0x4B, 0x89, 0x89, 0x89, 0x42, 0x89, 0x89, 0x89, 0x39, 
0x89, 0x89, 0x89, 0x31, 0x89, 0x89, 0x89, 0x28, 0x8A, 0x89, 0x8A, 0x1F, 
0x8A, 0x89, 0x8A, 0x16, 0x8B, 0x89, 0x8B, 0x0D, 0x8B, 0x89, 0x8B, 0x04, 
0x84, 0x81, 0x84, 0x00, 0x70, 0x6F, 0x70, 0x00, 0x58, 0x57, 0x58, 0x00, 
0x33, 0x32, 0x33, 0x00, 0x00, 0x00, 0x00, 0x00, 0x00, 0x00, 0x00, 0x00, 
0x00, 0x00, 0x00, 0x00, 0x00, 0x00, 0x00, 0x00, 0x00, 0x00, 0x00, 0x00, 
0x00, 0x00, 0x00, 0x00, 0x00, 0x00, 0x00, 0x00, 0x00, 0x00, 0x00, 0x00, 
0x00, 0x00, 0x00, 0x00, 0x00, 0x00, 0x00, 0x00, 0x00, 0x00, 0x00, 0x00, 
0x00, 0x00, 0x00, 0x00, 0x00, 0x00, 0x00, 0x00, 0x00, 0x00, 0x00, 0x00, 
0x00, 0x00, 0x00, 0x00, 0x00, 0x00, 0x00, 0x00, 0x00, 0x00, 0x00, 0x00, 
0x00, 0x00, 0x00, 0x00, 0x00, 0x00, 0x00, 0x00, 0x00, 0x00, 0x00, 0x00, 
0x24, 0x24, 0x24, 0x01, 0x41, 0x41, 0x41, 0x04, 0x54, 0x54, 0x54, 0x07, 
0x63, 0x63, 0x63, 0x0A, 0x6A, 0x6A, 0x6A, 0x12, 0x6B, 0x6B, 0x6B, 0x21, 
0x6C, 0x6B, 0x6C, 0x2F, 0x6E, 0x6C, 0x6E, 0x3D, 0x6E, 0x6C, 0x6E, 0x48, 
0x6E, 0x6C, 0x6E, 0x4F, 0x6E, 0x6C, 0x6E, 0x55, 0x6E, 0x6C, 0x6E, 0x5C, 
0x6E, 0x6C, 0x6E, 0x59, 0x6E, 0x6C, 0x6E, 0x4B, 0x6E, 0x6C, 0x6E, 0x3E, 
0x6E, 0x6C, 0x6E, 0x30, 0x68, 0x66, 0x68, 0x24, 0x58, 0x57, 0x58, 0x1A, 
0x45, 0x43, 0x45, 0x10, 0x26, 0x25, 0x26, 0x05, 0x32, 0x32, 0x32, 0x12, 
0x57, 0x57, 0x57, 0x35, 0x81, 0x81, 0x81, 0x7C, 0x97, 0x97, 0x97, 0xAE, 
0xA0, 0xA0, 0xA0, 0xC0, 0xA0, 0xA0, 0xA0, 0xB4, 0xA0, 0xA0, 0xA0, 0xA7, 
0xA0, 0xA0, 0xA0, 0x9A, 0xA0, 0xA0, 0xA0, 0x8E, 0xA0, 0xA0, 0xA0, 0x81, 
0xA0, 0xA0, 0xA0, 0x75, 0xA0, 0xA0, 0xA0, 0x69, 0xA0, 0xA0, 0xA0, 0x5D, 
0xA0, 0xA0, 0xA0, 0x50, 0xA0, 0xA0, 0xA0, 0x44, 0xA0, 0xA0, 0xA0, 0x38, 
0xA1, 0xA0, 0xA1, 0x2C, 0xA1, 0xA0, 0xA1, 0x1F, 0xA2, 0xA0, 0xA2, 0x13, 
0xA3, 0xA0, 0xA3, 0x06, 0x99, 0x97, 0x99, 0x00, 0x84, 0x81, 0x84, 0x00, 
0x68, 0x66, 0x68, 0x00, 0x3C, 0x3B, 0x3C, 0x00, 0x00, 0x00, 0x00, 0x00, 
0x00, 0x00, 0x00, 0x00, 0x00, 0x00, 0x00, 0x00, 0x00, 0x00, 0x00, 0x00, 
0x00, 0x00, 0x00, 0x00, 0x00, 0x00, 0x00, 0x00, 0x00, 0x00, 0x00, 0x00, 
0x00, 0x00, 0x00, 0x00, 0x00, 0x00, 0x00, 0x00, 0x00, 0x00, 0x00, 0x00, 
0x00, 0x00, 0x00, 0x00, 0x00, 0x00, 0x00, 0x00, 0x00, 0x00, 0x00, 0x00, 
0x00, 0x00, 0x00, 0x00, 0x00, 0x00, 0x00, 0x00, 0x00, 0x00, 0x00, 0x00, 
0x00, 0x00, 0x00, 0x00, 0x00, 0x00, 0x00, 0x00, 0x00, 0x00, 0x00, 0x00, 
0x00, 0x00, 0x00, 0x00, 0x12, 0x12, 0x12, 0x00, 0x24, 0x24, 0x24, 0x01, 
0x30, 0x30, 0x30, 0x02, 0x39, 0x3A, 0x39, 0x03, 0x3E, 0x3E, 0x3E, 0x06, 
0x3F, 0x3E, 0x3F, 0x0B, 0x3F, 0x3F, 0x3F, 0x10, 0x40, 0x3F, 0x40, 0x14, 
0x41, 0x3F, 0x41, 0x18, 0x41, 0x3F, 0x41, 0x1A, 0x41, 0x3F, 0x41, 0x1C, 
0x41, 0x3F, 0x41, 0x1F, 0x41, 0x3F, 0x41, 0x1E, 0x41, 0x3F, 0x41, 0x19, 
0x41, 0x3F, 0x41, 0x15, 0x41, 0x3F, 0x41, 0x10, 0x3C, 0x3B, 0x3C, 0x0C, 
0x33, 0x32, 0x33, 0x09, 0x26, 0x25, 0x26, 0x05, 0x13, 0x13, 0x13, 0x02, 
0x3B, 0x3B, 0x3B, 0x19, 0x66, 0x66, 0x66, 0x4A, 0x89, 0x89, 0x89, 0x89, 
0xA0, 0xA0, 0xA0, 0xC0, 0xAA, 0xAA, 0xAA, 0xD7, 0xAA, 0xAA, 0xAA, 0xCD, 
0xAA, 0xAA, 0xAA, 0xC3, 0xAA, 0xAA, 0xAA, 0xB9, 0xAA, 0xAA, 0xAA, 0xAE, 
0xAA, 0xAA, 0xAA, 0xA1, 0xAA, 0xAA, 0xAA, 0x95, 0xAA, 0xAA, 0xAA, 0x89, 
0xAA, 0xAA, 0xAA, 0x7D, 0xAA, 0xAA, 0xAA, 0x70, 0xAA, 0xAA, 0xAA, 0x64, 
0xAA, 0xAA, 0xAA, 0x58, 0xAB, 0xAA, 0xAB, 0x4B, 0xAB, 0xAA, 0xAB, 0x3D, 
0xAC, 0xAA, 0xAC, 0x30, 0xAD, 0xAA, 0xAD, 0x22, 0xA4, 0xA2, 0xA4, 0x19, 
0x90, 0x8E, 0x90, 0x13, 0x79, 0x76, 0x79, 0x0D, 0x58, 0x57, 0x58, 0x07, 
0x3C, 0x3B, 0x3C, 0x04, 0x33, 0x32, 0x33, 0x03, 0x26, 0x25, 0x26, 0x02, 
0x13, 0x13, 0x13, 0x01, 0x00, 0x00, 0x00, 0x00, 0x00, 0x00, 0x00, 0x00, 
0x00, 0x00, 0x00, 0x00, 0x00, 0x00, 0x00, 0x00, 0x00, 0x00, 0x00, 0x00, 
0x00, 0x00, 0x00, 0x00, 0x00, 0x00, 0x00, 0x00, 0x00, 0x00, 0x00, 0x00, 
0x00, 0x00, 0x00, 0x00, 0x00, 0x00, 0x00, 0x00, 0x00, 0x00, 0x00, 0x00, 
0x00, 0x00, 0x00, 0x00, 0x00, 0x00, 0x00, 0x00, 0x00, 0x00, 0x00, 0x00, 
0x00, 0x00, 0x00, 0x00, 0x00, 0x00, 0x00, 0x00, 0x00, 0x00, 0x00, 0x00, 
0x00, 0x00, 0x00, 0x00, 0x00, 0x00, 0x00, 0x00, 0x00, 0x00, 0x00, 0x00, 
0x00, 0x00, 0x00, 0x00, 0x00, 0x00, 0x00, 0x00, 0x00, 0x00, 0x00, 0x00, 
0x00, 0x00, 0x00, 0x00, 0x00, 0x00, 0x00, 0x00, 0x00, 0x00, 0x00, 0x00, 
0x00, 0x00, 0x00, 0x00, 0x00, 0x00, 0x00, 0x00, 0x00, 0x00, 0x00, 0x00, 
0x00, 0x00, 0x00, 0x00, 0x00, 0x00, 0x00, 0x00, 0x00, 0x00, 0x00, 0x00, 
0x00, 0x00, 0x00, 0x00, 0x00, 0x00, 0x00, 0x00, 0x00, 0x00, 0x00, 0x00, 
0x00, 0x00, 0x00, 0x00, 0x3F, 0x3F, 0x3F, 0x1B, 0x6C, 0x6C, 0x6C, 0x52, 
0x89, 0x89, 0x89, 0x80, 0xA0, 0xA0, 0xA0, 0xB4, 0xAA, 0xAA, 0xAA, 0xCD, 
0xAA, 0xAA, 0xAA, 0xCC, 0xAA, 0xAA, 0xAA, 0xCB, 0xAA, 0xAA, 0xAA, 0xCA, 
0xAA, 0xAA, 0xAA, 0xC5, 0xAA, 0xAA, 0xAA, 0xBC, 0xAA, 0xAA, 0xAA, 0xB3, 
0xAA, 0xAA, 0xAA, 0xAB, 0xAA, 0xAA, 0xAA, 0xA2, 0xAA, 0xAA, 0xAA, 0x99, 
0xAA, 0xAA, 0xAA, 0x90, 0xAA, 0xAA, 0xAA, 0x88, 0xAB, 0xAA, 0xAB, 0x7D, 
0xAB, 0xAA, 0xAB, 0x71, 0xAC, 0xAA, 0xAC, 0x65, 0xAD, 0xAA, 0xAD, 0x58, 
0xA7, 0xA4, 0xA7, 0x4A, 0x99, 0x97, 0x99, 0x38, 0x8A, 0x88, 0x8A, 0x27, 
0x79, 0x76, 0x79, 0x16, 0x68, 0x66, 0x68, 0x0C, 0x58, 0x57, 0x58, 0x08, 
0x45, 0x43, 0x45, 0x05, 0x26, 0x25, 0x26, 0x02, 0x00, 0x00, 0x00, 0x00, 
0x00, 0x00, 0x00, 0x00, 0x00, 0x00, 0x00, 0x00, 0x00, 0x00, 0x00, 0x00, 
0x00, 0x00, 0x00, 0x00, 0x00, 0x00, 0x00, 0x00, 0x00, 0x00, 0x00, 0x00, 
0x00, 0x00, 0x00, 0x00, 0x00, 0x00, 0x00, 0x00, 0x00, 0x00, 0x00, 0x00, 
0x00, 0x00, 0x00, 0x00, 0x00, 0x00, 0x00, 0x00, 0x00, 0x00, 0x00, 0x00, 
0x00, 0x00, 0x00, 0x00, 0x00, 0x00, 0x00, 0x00, 0x00, 0x00, 0x00, 0x00, 
0x00, 0x00, 0x00, 0x00, 0x00, 0x00, 0x00, 0x00, 0x00, 0x00, 0x00, 0x00, 
0x00, 0x00, 0x00, 0x00, 0x00, 0x00, 0x00, 0x00, 0x00, 0x00, 0x00, 0x00, 
0x00, 0x00, 0x00, 0x00, 0x00, 0x00, 0x00, 0x00, 0x00, 0x00, 0x00, 0x00, 
0x00, 0x00, 0x00, 0x00, 0x00, 0x00, 0x00, 0x00, 0x00, 0x00, 0x00, 0x00, 
0x00, 0x00, 0x00, 0x00, 0x00, 0x00, 0x00, 0x00, 0x00, 0x00, 0x00, 0x00, 
0x00, 0x00, 0x00, 0x00, 0x00, 0x00, 0x00, 0x00, 0x00, 0x00, 0x00, 0x00, 
0x00, 0x00, 0x00, 0x00, 0x00, 0x00, 0x00, 0x00, 0x3F, 0x3F, 0x3F, 0x1A, 
0x6C, 0x6C, 0x6C, 0x4D, 0x89, 0x89, 0x89, 0x77, 0xA0, 0xA0, 0xA0, 0xA7, 
0xAA, 0xAA, 0xAA, 0xC3, 0xAA, 0xAA, 0xAA, 0xCB, 0xAA, 0xAA, 0xAA, 0xD3, 
0xAA, 0xAA, 0xAA, 0xDB, 0xAA, 0xAA, 0xAA, 0xDC, 0xAA, 0xAA, 0xAA, 0xD7, 
0xAA, 0xAA, 0xAA, 0xD2, 0xAA, 0xAA, 0xAA, 0xCC, 0xAA, 0xAA, 0xAA, 0xC7, 
0xAA, 0xAA, 0xAA, 0xC2, 0xAA, 0xAA, 0xAA, 0xBD, 0xAA, 0xAA, 0xAA, 0xB7, 
0xAB, 0xAA, 0xAB, 0xAF, 0xAB, 0xAA, 0xAB, 0xA4, 0xAC, 0xAA, 0xAC, 0x99, 
0xAD, 0xAA, 0xAD, 0x8E, 0xA9, 0xA6, 0xA9, 0x7B, 0xA2, 0x9F, 0xA2, 0x5E, 
0x99, 0x97, 0x99, 0x41, 0x90, 0x8E, 0x90, 0x25, 0x84, 0x81, 0x84, 0x14, 
0x70, 0x6F, 0x70, 0x0E, 0x58, 0x57, 0x58, 0x08, 0x33, 0x32, 0x33, 0x03, 
0x00, 0x00, 0x00, 0x00, 0x00, 0x00, 0x00, 0x00, 0x00, 0x00, 0x00, 0x00, 
0x00, 0x00, 0x00, 0x00, 0x00, 0x00, 0x00, 0x00, 0x00, 0x00, 0x00, 0x00, 
0x00, 0x00, 0x00, 0x00, 0x00, 0x00, 0x00, 0x00, 0x00, 0x00, 0x00, 0x00, 
0x00, 0x00, 0x00, 0x00, 0x00, 0x00, 0x00, 0x00, 0x00, 0x00, 0x00, 0x00, 
0x00, 0x00, 0x00, 0x00, 0x00, 0x00, 0x00, 0x00, 0x00, 0x00, 0x00, 0x00, 
0x00, 0x00, 0x00, 0x00, 0x00, 0x00, 0x00, 0x00, 0x00, 0x00, 0x00, 0x00, 
0x00, 0x00, 0x00, 0x00, 0x00, 0x00, 0x00, 0x00, 0x00, 0x00, 0x00, 0x00, 
0x00, 0x00, 0x00, 0x00, 0x00, 0x00, 0x00, 0x00, 0x00, 0x00, 0x00, 0x00, 
0x00, 0x00, 0x00, 0x00, 0x00, 0x00, 0x00, 0x00, 0x00, 0x00, 0x00, 0x00, 
0x00, 0x00, 0x00, 0x00, 0x00, 0x00, 0x00, 0x00, 0x00, 0x00, 0x00, 0x00, 
0x00, 0x00, 0x00, 0x00, 0x00, 0x00, 0x00, 0x00, 0x00, 0x00, 0x00, 0x00, 
0x00, 0x00, 0x00, 0x00, 0x00, 0x00, 0x00, 0x00, 0x00, 0x00, 0x00, 0x00, 
0x3F, 0x3F, 0x3F, 0x18, 0x6C, 0x6C, 0x6C, 0x48, 0x89, 0x89, 0x89, 0x6E, 
0xA0, 0xA0, 0xA0, 0x9A, 0xAA, 0xAA, 0xAA, 0xB9, 0xAA, 0xAA, 0xAA, 0xCA, 
0xAA, 0xAA, 0xAA, 0xDB, 0xAA, 0xAA, 0xAA, 0xEC, 0xAA, 0xAA, 0xAA, 0xF3, 
0xAA, 0xAA, 0xAA, 0xF2, 0xAA, 0xAA, 0xAA, 0xF0, 0xAA, 0xAA, 0xAA, 0xEE, 
0xAA, 0xAA, 0xAA, 0xEC, 0xAA, 0xAA, 0xAA, 0xEB, 0xAA, 0xAA, 0xAA, 0xE9, 
0xAA, 0xAA, 0xAA, 0xE7, 0xAB, 0xAA, 0xAB, 0xE1, 0xAB, 0xAA, 0xAB, 0xD8, 
0xAC, 0xAA, 0xAC, 0xCE, 0xAD, 0xAA, 0xAD, 0xC4, 0xAC, 0xA9, 0xAC, 0xAC, 
0xA9, 0xA6, 0xA9, 0x84, 0xA7, 0xA4, 0xA7, 0x5C, 0xA4, 0xA2, 0xA4, 0x34, 
0x99, 0x97, 0x99, 0x1C, 0x84, 0x81, 0x84, 0x14, 0x68, 0x66, 0x68, 0x0C, 
0x3C, 0x3B, 0x3C, 0x04, 0x00, 0x00, 0x00, 0x00, 0x00, 0x00, 0x00, 0x00, 
0x00, 0x00, 0x00, 0x00, 0x00, 0x00, 0x00, 0x00, 0x00, 0x00, 0x00, 0x00, 
0x00, 0x00, 0x00, 0x00, 0x00, 0x00, 0x00, 0x00, 0x00, 0x00, 0x00, 0x00, 
0x00, 0x00, 0x00, 0x00, 0x00, 0x00, 0x00, 0x00, 0x00, 0x00, 0x00, 0x00, 
0x00, 0x00, 0x00, 0x00, 0x00, 0x00, 0x00, 0x00, 0x00, 0x00, 0x00, 0x00, 
0x00, 0x00, 0x00, 0x00, 0x00, 0x00, 0x00, 0x00, 0x00, 0x00, 0x00, 0x00, 
0x00, 0x00, 0x00, 0x00, 0x00, 0x00, 0x00, 0x00, 0x00, 0x00, 0x00, 0x00, 
0x00, 0x00, 0x00, 0x00, 0x00, 0x00, 0x00, 0x00, 0x00, 0x00, 0x00, 0x00, 
0x00, 0x00, 0x00, 0x00, 0x00, 0x00, 0x00, 0x00, 0x00, 0x00, 0x00, 0x00, 
0x00, 0x00, 0x00, 0x00, 0x00, 0x00, 0x00, 0x00, 0x00, 0x00, 0x00, 0x00, 
0x00, 0x00, 0x00, 0x00, 0x00, 0x00, 0x00, 0x00, 0x00, 0x00, 0x00, 0x00, 
0x00, 0x00, 0x00, 0x00, 0x00, 0x00, 0x00, 0x00, 0x00, 0x00, 0x00, 0x00, 
0x00, 0x00, 0x00, 0x00, 0x3F, 0x3F, 0x3F, 0x16, 0x6C, 0x6C, 0x6C, 0x42, 
0x89, 0x89, 0x89, 0x65, 0xA0, 0xA0, 0xA0, 0x8E, 0xAA, 0xAA, 0xAA, 0xAE, 
0xAA, 0xAA, 0xAA, 0xC5, 0xAA, 0xAA, 0xAA, 0xDC, 0xAA, 0xAA, 0xAA, 0xF3, 
0xAA, 0xAA, 0xAA, 0xFF, 0xAA, 0xAA, 0xAA, 0xFF, 0xAA, 0xAA, 0xAA, 0xFF, 
0xAA, 0xAA, 0xAA, 0xFF, 0xAA, 0xAA, 0xAA, 0xFF, 0xAA, 0xAA, 0xAA, 0xFF, 
0xAA, 0xAA, 0xAA, 0xFF, 0xAA, 0xAA, 0xAA, 0xFF, 0xAB, 0xAA, 0xAB, 0xFB, 
0xAB, 0xAA, 0xAB, 0xF3, 0xAC, 0xAA, 0xAC, 0xEB, 0xAD, 0xAA, 0xAD, 0xE3, 
0xAD, 0xAA, 0xAD, 0xCB, 0xAD, 0xAA, 0xAD, 0xA2, 0xAD, 0xAA, 0xAD, 0x79, 
0xAD, 0xAA, 0xAD, 0x4F, 0xA4, 0xA2, 0xA4, 0x34, 0x90, 0x8E, 0x90, 0x26, 
0x79, 0x76, 0x79, 0x19, 0x58, 0x57, 0x58, 0x0B, 0x3C, 0x3B, 0x3C, 0x04, 
0x33, 0x32, 0x33, 0x03, 0x26, 0x25, 0x26, 0x02, 0x13, 0x13, 0x13, 0x01, 
0x00, 0x00, 0x00, 0x00, 0x00, 0x00, 0x00, 0x00, 0x00, 0x00, 0x00, 0x00, 
0x00, 0x00, 0x00, 0x00, 0x00, 0x00, 0x00, 0x00, 0x00, 0x00, 0x00, 0x00, 
0x00, 0x00, 0x00, 0x00, 0x00, 0x00, 0x00, 0x00, 0x00, 0x00, 0x00, 0x00, 
0x00, 0x00, 0x00, 0x00, 0x00, 0x00, 0x00, 0x00, 0x00, 0x00, 0x00, 0x00, 
0x00, 0x00, 0x00, 0x00, 0x00, 0x00, 0x00, 0x00, 0x00, 0x00, 0x00, 0x00, 
0x00, 0x00, 0x00, 0x00, 0x00, 0x00, 0x00, 0x00, 0x00, 0x00, 0x00, 0x00, 
0x00, 0x00, 0x00, 0x00, 0x00, 0x00, 0x00, 0x00, 0x00, 0x00, 0x00, 0x00, 
0x00, 0x00, 0x00, 0x00, 0x00, 0x00, 0x00, 0x00, 0x00, 0x00, 0x00, 0x00, 
0x00, 0x00, 0x00, 0x00, 0x00, 0x00, 0x00, 0x00, 0x00, 0x00, 0x00, 0x00, 
0x00, 0x00, 0x00, 0x00, 0x00, 0x00, 0x00, 0x00, 0x00, 0x00, 0x00, 0x00, 
0x00, 0x00, 0x00, 0x00, 0x00, 0x00, 0x00, 0x00, 0x3F, 0x3F, 0x3F, 0x14, 
0x6C, 0x6C, 0x6C, 0x3D, 0x89, 0x89, 0x89, 0x5C, 0xA0, 0xA0, 0xA0, 0x81, 
0xAA, 0xAA, 0xAA, 0xA1, 0xAA, 0xAA, 0xAA, 0xBC, 0xAA, 0xAA, 0xAA, 0xD7, 
0xAA, 0xAA, 0xAA, 0xF2, 0xAA, 0xAA, 0xAA, 0xFF, 0xAA, 0xAA, 0xAA, 0xFF, 
0xAA, 0xAA, 0xAA, 0xFF, 0xAA, 0xAA, 0xAA, 0xFF, 0xAA, 0xAA, 0xAA, 0xFF, 
0xAA, 0xAA, 0xAA, 0xFF, 0xAA, 0xAA, 0xAA, 0xFF, 0xAA, 0xAA, 0xAA, 0xFF, 
0xAB, 0xAA, 0xAB, 0xFC, 0xAB, 0xAA, 0xAB, 0xF7, 0xAC, 0xAA, 0xAC, 0xF1, 
0xAD, 0xAA, 0xAD, 0xEB, 0xAD, 0xAA, 0xAD, 0xD9, 0xAD, 0xAA, 0xAD, 0xB9, 
0xAD, 0xAA, 0xAD, 0x99, 0xAD, 0xAA, 0xAD, 0x79, 0xA7, 0xA4, 0xA7, 0x5D, 
0x99, 0x97, 0x99, 0x46, 0x8A, 0x88, 0x8A, 0x30, 0x79, 0x76, 0x79, 0x19, 
0x68, 0x66, 0x68, 0x0C, 0x58, 0x57, 0x58, 0x08, 0x45, 0x43, 0x45, 0x05, 
0x26, 0x25, 0x26, 0x02, 0x00, 0x00, 0x00, 0x00, 0x00, 0x00, 0x00, 0x00, 
0x00, 0x00, 0x00, 0x00, 0x00, 0x00, 0x00, 0x00, 0x00, 0x00, 0x00, 0x00, 
0x00, 0x00, 0x00, 0x00, 0x00, 0x00, 0x00, 0x00, 0x00, 0x00, 0x00, 0x00, 
0x00, 0x00, 0x00, 0x00, 0x00, 0x00, 0x00, 0x00, 0x00, 0x00, 0x00, 0x00, 
0x00, 0x00, 0x00, 0x00, 0x00, 0x00, 0x00, 0x00, 0x00, 0x00, 0x00, 0x00, 
0x00, 0x00, 0x00, 0x00, 0x00, 0x00, 0x00, 0x00, 0x00, 0x00, 0x00, 0x00, 
0x00, 0x00, 0x00, 0x00, 0x00, 0x00, 0x00, 0x00, 0x00, 0x00, 0x00, 0x00, 
0x00, 0x00, 0x00, 0x00, 0x00, 0x00, 0x00, 0x00, 0x00, 0x00, 0x00, 0x00, 
0x00, 0x00, 0x00, 0x00, 0x00, 0x00, 0x00, 0x00, 0x00, 0x00, 0x00, 0x00, 
0x00, 0x00, 0x00, 0x00, 0x00, 0x00, 0x00, 0x00, 0x00, 0x00, 0x00, 0x00, 
0x00, 0x00, 0x00, 0x00, 0x00, 0x00, 0x00, 0x00, 0x00, 0x00, 0x00, 0x00, 
0x3F, 0x3F, 0x3F, 0x12, 0x6C, 0x6C, 0x6C, 0x38, 0x89, 0x89, 0x89, 0x54, 
0xA0, 0xA0, 0xA0, 0x75, 0xAA, 0xAA, 0xAA, 0x95, 0xAA, 0xAA, 0xAA, 0xB3, 
0xAA, 0xAA, 0xAA, 0xD2, 0xAA, 0xAA, 0xAA, 0xF0, 0xAA, 0xAA, 0xAA, 0xFF, 
0xAA, 0xAA, 0xAA, 0xFF, 0xAA, 0xAA, 0xAA, 0xFF, 0xAA, 0xAA, 0xAA, 0xFF, 
0xAA, 0xAA, 0xAA, 0xFF, 0xAA, 0xAA, 0xAA, 0xFF, 0xAA, 0xAA, 0xAA, 0xFF, 
0xAA, 0xAA, 0xAA, 0xFF, 0xAB, 0xAA, 0xAB, 0xFD, 0xAB, 0xAA, 0xAB, 0xFA, 
0xAC, 0xAA, 0xAC, 0xF7, 0xAD, 0xAA, 0xAD, 0xF3, 0xAD, 0xAA, 0xAD, 0xE6, 
0xAD, 0xAA, 0xAD, 0xCF, 0xAD, 0xAA, 0xAD, 0xB9, 0xAD, 0xAA, 0xAD, 0xA2, 
0xA9, 0xA6, 0xA9, 0x86, 0xA2, 0x9F, 0xA2, 0x66, 0x99, 0x97, 0x99, 0x46, 
0x90, 0x8E, 0x90, 0x26, 0x84, 0x81, 0x84, 0x14, 0x70, 0x6F, 0x70, 0x0E, 
0x58, 0x57, 0x58, 0x08, 0x33, 0x32, 0x33, 0x03, 0x00, 0x00, 0x00, 0x00, 
0x00, 0x00, 0x00, 0x00, 0x00, 0x00, 0x00, 0x00, 0x00, 0x00, 0x00, 0x00, 
0x00, 0x00, 0x00, 0x00, 0x00, 0x00, 0x00, 0x00, 0x00, 0x00, 0x00, 0x00, 
0x00, 0x00, 0x00, 0x00, 0x00, 0x00, 0x00, 0x00, 0x00, 0x00, 0x00, 0x00, 
0x00, 0x00, 0x00, 0x00, 0x00, 0x00, 0x00, 0x00, 0x00, 0x00, 0x00, 0x00, 
0x00, 0x00, 0x00, 0x00, 0x00, 0x00, 0x00, 0x00, 0x00, 0x00, 0x00, 0x00, 
0x00, 0x00, 0x00, 0x00, 0x00, 0x00, 0x00, 0x00, 0x00, 0x00, 0x00, 0x00, 
0x00, 0x00, 0x00, 0x00, 0x00, 0x00, 0x00, 0x00, 0x00, 0x00, 0x00, 0x00, 
0x00, 0x00, 0x00, 0x00, 0x00, 0x00, 0x00, 0x00, 0x00, 0x00, 0x00, 0x00, 
0x00, 0x00, 0x00, 0x00, 0x00, 0x00, 0x00, 0x00, 0x00, 0x00, 0x00, 0x00, 
0x00, 0x00, 0x00, 0x00, 0x00, 0x00, 0x00, 0x00, 0x00, 0x00, 0x00, 0x00, 
0x00, 0x00, 0x00, 0x00, 0x3F, 0x3F, 0x3F, 0x11, 0x6C, 0x6C, 0x6C, 0x32, 
0x89, 0x89, 0x89, 0x4B, 0xA0, 0xA0, 0xA0, 0x69, 0xAA, 0xAA, 0xAA, 0x89, 
0xAA, 0xAA, 0xAA, 0xAB, 0xAA, 0xAA, 0xAA, 0xCC, 0xAA, 0xAA, 0xAA, 0xEE, 
0xAA, 0xAA, 0xAA, 0xFF, 0xAA, 0xAA, 0xAA, 0xFF, 0xAA, 0xAA, 0xAA, 0xFF, 
0xAA, 0xAA, 0xAA, 0xFF, 0xAA, 0xAA, 0xAA, 0xFF, 0xAA, 0xAA, 0xAA, 0xFF, 
0xAA, 0xAA, 0xAA, 0xFF, 0xAA, 0xAA, 0xAA, 0xFF, 0xAB, 0xAA, 0xAB, 0xFE, 
0xAB, 0xAA, 0xAB, 0xFD, 0xAC, 0xAA, 0xAC, 0xFC, 0xAD, 0xAA, 0xAD, 0xFB, 
0xAD, 0xAA, 0xAD, 0xF4, 0xAD, 0xAA, 0xAD, 0xE6, 0xAD, 0xAA, 0xAD, 0xD9, 
0xAD, 0xAA, 0xAD, 0xCB, 0xAC, 0xA9, 0xAC, 0xB0, 0xA9, 0xA6, 0xA9, 0x86, 
0xA7, 0xA4, 0xA7, 0x5D, 0xA4, 0xA2, 0xA4, 0x34, 0x99, 0x97, 0x99, 0x1C, 
0x84, 0x81, 0x84, 0x14, 0x68, 0x66, 0x68, 0x0C, 0x3C, 0x3B, 0x3C, 0x04, 
0x00, 0x00, 0x00, 0x00, 0x00, 0x00, 0x00, 0x00, 0x00, 0x00, 0x00, 0x00, 
0x00, 0x00, 0x00, 0x00, 0x00, 0x00, 0x00, 0x00, 0x00, 0x00, 0x00, 0x00, 
0x00, 0x00, 0x00, 0x00, 0x00, 0x00, 0x00, 0x00, 0x00, 0x00, 0x00, 0x00, 
0x00, 0x00, 0x00, 0x00, 0x00, 0x00, 0x00, 0x00, 0x00, 0x00, 0x00, 0x00, 
0x00, 0x00, 0x00, 0x00, 0x00, 0x00, 0x00, 0x00, 0x00, 0x00, 0x00, 0x00, 
0x00, 0x00, 0x00, 0x00, 0x00, 0x00, 0x00, 0x00, 0x00, 0x00, 0x00, 0x00, 
0x00, 0x00, 0x00, 0x00, 0x00, 0x00, 0x00, 0x00, 0x00, 0x00, 0x00, 0x00, 
0x00, 0x00, 0x00, 0x00, 0x00, 0x00, 0x00, 0x00, 0x00, 0x00, 0x00, 0x00, 
0x00, 0x00, 0x00, 0x00, 0x00, 0x00, 0x00, 0x00, 0x00, 0x00, 0x00, 0x00, 
0x00, 0x00, 0x00, 0x00, 0x00, 0x00, 0x00, 0x00, 0x00, 0x00, 0x00, 0x00, 
0x00, 0x00, 0x00, 0x00, 0x00, 0x00, 0x00, 0x00, 0x3F, 0x3F, 0x3F, 0x0F, 
0x6C, 0x6C, 0x6C, 0x2D, 0x89, 0x89, 0x89, 0x42, 0xA0, 0xA0, 0xA0, 0x5D, 
0xAA, 0xAA, 0xAA, 0x7D, 0xAA, 0xAA, 0xAA, 0xA2, 0xAA, 0xAA, 0xAA, 0xC7, 
0xAA, 0xAA, 0xAA, 0xEC, 0xAA, 0xAA, 0xAA, 0xFF, 0xAA, 0xAA, 0xAA, 0xFF, 
0xAA, 0xAA, 0xAA, 0xFF, 0xAA, 0xAA, 0xAA, 0xFF, 0xAA, 0xAA, 0xAA, 0xFF, 
0xAA, 0xAA, 0xAA, 0xFF, 0xAA, 0xAA, 0xAA, 0xFF, 0xAA, 0xAA, 0xAA, 0xFF, 
0xAB, 0xAA, 0xAB, 0xFF, 0xAB, 0xAA, 0xAB, 0xFF, 0xAC, 0xAA, 0xAC, 0xFF, 
0xAD, 0xAA, 0xAD, 0xFF, 0xAD, 0xAA, 0xAD, 0xFB, 0xAD, 0xAA, 0xAD, 0xF3, 
0xAD, 0xAA, 0xAD, 0xEB, 0xAD, 0xAA, 0xAD, 0xE3, 0xAD, 0xAA, 0xAD, 0xCB, 
0xAD, 0xAA, 0xAD, 0xA2, 0xAD, 0xAA, 0xAD, 0x79, 0xAD, 0xAA, 0xAD, 0x4F, 
0xA4, 0xA2, 0xA4, 0x34, 0x90, 0x8E, 0x90, 0x26, 0x79, 0x76, 0x79, 0x19, 
0x58, 0x57, 0x58, 0x0B, 0x3C, 0x3B, 0x3C, 0x04, 0x33, 0x32, 0x33, 0x03, 
0x26, 0x25, 0x26, 0x02, 0x13, 0x13, 0x13, 0x01, 0x00, 0x00, 0x00, 0x00, 
0x00, 0x00, 0x00, 0x00, 0x00, 0x00, 0x00, 0x00, 0x00, 0x00, 0x00, 0x00, 
0x00, 0x00, 0x00, 0x00, 0x00, 0x00, 0x00, 0x00, 0x00, 0x00, 0x00, 0x00, 
0x00, 0x00, 0x00, 0x00, 0x00, 0x00, 0x00, 0x00, 0x00, 0x00, 0x00, 0x00, 
0x00, 0x00, 0x00, 0x00, 0x00, 0x00, 0x00, 0x00, 0x00, 0x00, 0x00, 0x00, 
0x00, 0x00, 0x00, 0x00, 0x00, 0x00, 0x00, 0x00, 0x00, 0x00, 0x00, 0x00, 
0x00, 0x00, 0x00, 0x00, 0x00, 0x00, 0x00, 0x00, 0x00, 0x00, 0x00, 0x00, 
0x00, 0x00, 0x00, 0x00, 0x00, 0x00, 0x00, 0x00, 0x00, 0x00, 0x00, 0x00, 
0x00, 0x00, 0x00, 0x00, 0x00, 0x00, 0x00, 0x00, 0x00, 0x00, 0x00, 0x00, 
0x00, 0x00, 0x00, 0x00, 0x00, 0x00, 0x00, 0x00, 0x00, 0x00, 0x00, 0x00, 
0x3F, 0x3F, 0x3F, 0x0D, 0x6C, 0x6C, 0x6C, 0x28, 0x89, 0x89, 0x89, 0x39, 
0xA0, 0xA0, 0xA0, 0x50, 0xAA, 0xAA, 0xAA, 0x70, 0xAA, 0xAA, 0xAA, 0x99, 
0xAA, 0xAA, 0xAA, 0xC2, 0xAA, 0xAA, 0xAA, 0xEB, 0xAA, 0xAA, 0xAA, 0xFF, 
0xAA, 0xAA, 0xAA, 0xFF, 0xAA, 0xAA, 0xAA, 0xFF, 0xAA, 0xAA, 0xAA, 0xFF, 
0xAA, 0xAA, 0xAA, 0xFF, 0xAA, 0xAA, 0xAA, 0xFF, 0xAA, 0xAA, 0xAA, 0xFF, 
0xAA, 0xAA, 0xAA, 0xFF, 0xAB, 0xAA, 0xAB, 0xFF, 0xAB, 0xAA, 0xAB, 0xFF, 
0xAC, 0xAA, 0xAC, 0xFF, 0xAD, 0xAA, 0xAD, 0xFF, 0xAD, 0xAA, 0xAD, 0xFC, 
0xAD, 0xAA, 0xAD, 0xF7, 0xAD, 0xAA, 0xAD, 0xF1, 0xAD, 0xAA, 0xAD, 0xEB, 
0xAD, 0xAA, 0xAD, 0xD9, 0xAD, 0xAA, 0xAD, 0xB9, 0xAD, 0xAA, 0xAD, 0x99, 
0xAD, 0xAA, 0xAD, 0x79, 0xA7, 0xA4, 0xA7, 0x5D, 0x99, 0x97, 0x99, 0x46, 
0x8A, 0x88, 0x8A, 0x30, 0x79, 0x76, 0x79, 0x19, 0x68, 0x66, 0x68, 0x0C, 
0x58, 0x57, 0x58, 0x08, 0x45, 0x43, 0x45, 0x05, 0x26, 0x25, 0x26, 0x02, 
0x00, 0x00, 0x00, 0x00, 0x00, 0x00, 0x00, 0x00, 0x00, 0x00, 0x00, 0x00, 
0x00, 0x00, 0x00, 0x00, 0x00, 0x00, 0x00, 0x00, 0x00, 0x00, 0x00, 0x00, 
0x00, 0x00, 0x00, 0x00, 0x00, 0x00, 0x00, 0x00, 0x00, 0x00, 0x00, 0x00, 
0x00, 0x00, 0x00, 0x00, 0x00, 0x00, 0x00, 0x00, 0x00, 0x00, 0x00, 0x00, 
0x00, 0x00, 0x00, 0x00, 0x00, 0x00, 0x00, 0x00, 0x00, 0x00, 0x00, 0x00, 
0x00, 0x00, 0x00, 0x00, 0x00, 0x00, 0x00, 0x00, 0x00, 0x00, 0x00, 0x00, 
0x00, 0x00, 0x00, 0x00, 0x00, 0x00, 0x00, 0x00, 0x00, 0x00, 0x00, 0x00, 
0x00, 0x00, 0x00, 0x00, 0x00, 0x00, 0x00, 0x00, 0x00, 0x00, 0x00, 0x00, 
0x00, 0x00, 0x00, 0x00, 0x00, 0x00, 0x00, 0x00, 0x00, 0x00, 0x00, 0x00, 
0x00, 0x00, 0x00, 0x00, 0x3F, 0x3F, 0x3F, 0x0C, 0x6C, 0x6C, 0x6C, 0x22, 
0x89, 0x89, 0x89, 0x31, 0xA0, 0xA0, 0xA0, 0x44, 0xAA, 0xAA, 0xAA, 0x64, 
0xAA, 0xAA, 0xAA, 0x90, 0xAA, 0xAA, 0xAA, 0xBD, 0xAA, 0xAA, 0xAA, 0xE9, 
0xAA, 0xAA, 0xAA, 0xFF, 0xAA, 0xAA, 0xAA, 0xFF, 0xAA, 0xAA, 0xAA, 0xFF, 
0xAA, 0xAA, 0xAA, 0xFF, 0xAA, 0xAA, 0xAA, 0xFF, 0xAA, 0xAA, 0xAA, 0xFF, 
0xAA, 0xAA, 0xAA, 0xFF, 0xAA, 0xAA, 0xAA, 0xFF, 0xAB, 0xAA, 0xAB, 0xFF, 
0xAB, 0xAA, 0xAB, 0xFF, 0xAC, 0xAA, 0xAC, 0xFF, 0xAD, 0xAA, 0xAD, 0xFF, 
0xAD, 0xAA, 0xAD, 0xFD, 0xAD, 0xAA, 0xAD, 0xFA, 0xAD, 0xAA, 0xAD, 0xF7, 
0xAD, 0xAA, 0xAD, 0xF3, 0xAD, 0xAA, 0xAD, 0xE6, 0xAD, 0xAA, 0xAD, 0xCF, 
0xAD, 0xAA, 0xAD, 0xB9, 0xAD, 0xAA, 0xAD, 0xA2, 0xA9, 0xA6, 0xA9, 0x86, 
0xA2, 0x9F, 0xA2, 0x66, 0x99, 0x97, 0x99, 0x46, 0x90, 0x8E, 0x90, 0x26, 
0x84, 0x81, 0x84, 0x14, 0x70, 0x6F, 0x70, 0x0E, 0x58, 0x57, 0x58, 0x08, 
0x33, 0x32, 0x33, 0x03, 0x00, 0x00, 0x00, 0x00, 0x00, 0x00, 0x00, 0x00, 
0x00, 0x00, 0x00, 0x00, 0x00, 0x00, 0x00, 0x00, 0x00, 0x00, 0x00, 0x00, 
0x00, 0x00, 0x00, 0x00, 0x00, 0x00, 0x00, 0x00, 0x00, 0x00, 0x00, 0x00, 
0x00, 0x00, 0x00, 0x00, 0x00, 0x00, 0x00, 0x00, 0x00, 0x00, 0x00, 0x00, 
0x00, 0x00, 0x00, 0x00, 0x00, 0x00, 0x00, 0x00, 0x00, 0x00, 0x00, 0x00, 
0x00, 0x00, 0x00, 0x00, 0x00, 0x00, 0x00, 0x00, 0x00, 0x00, 0x00, 0x00, 
0x00, 0x00, 0x00, 0x00, 0x00, 0x00, 0x00, 0x00, 0x00, 0x00, 0x00, 0x00, 
0x00, 0x00, 0x00, 0x00, 0x00, 0x00, 0x00, 0x00, 0x00, 0x00, 0x00, 0x00, 
0x00, 0x00, 0x00, 0x00, 0x00, 0x00, 0x00, 0x00, 0x00, 0x00, 0x00, 0x00, 
0x00, 0x00, 0x00, 0x00, 0x00, 0x00, 0x00, 0x00, 0x3F, 0x3F, 0x3F, 0x0A, 
0x6C, 0x6C, 0x6C, 0x1D, 0x89, 0x89, 0x89, 0x28, 0xA0, 0xA0, 0xA0, 0x38, 
0xAA, 0xAA, 0xAA, 0x58, 0xAA, 0xAA, 0xAA, 0x88, 0xAA, 0xAA, 0xAA, 0xB7, 
0xAA, 0xAA, 0xAA, 0xE7, 0xAA, 0xAA, 0xAA, 0xFF, 0xAA, 0xAA, 0xAA, 0xFF, 
0xAA, 0xAA, 0xAA, 0xFF, 0xAA, 0xAA, 0xAA, 0xFF, 0xAA, 0xAA, 0xAA, 0xFF, 
0xAA, 0xAA, 0xAA, 0xFF, 0xAA, 0xAA, 0xAA, 0xFF, 0xAA, 0xAA, 0xAA, 0xFF, 
0xAB, 0xAA, 0xAB, 0xFF, 0xAB, 0xAA, 0xAB, 0xFF, 0xAC, 0xAA, 0xAC, 0xFF, 
0xAD, 0xAA, 0xAD, 0xFF, 0xAD, 0xAA, 0xAD, 0xFE, 0xAD, 0xAA, 0xAD, 0xFD, 
0xAD, 0xAA, 0xAD, 0xFC, 0xAD, 0xAA, 0xAD, 0xFB, 0xAD, 0xAA, 0xAD, 0xF4, 
0xAD, 0xAA, 0xAD, 0xE6, 0xAD, 0xAA, 0xAD, 0xD9, 0xAD, 0xAA, 0xAD, 0xCB, 
0xAC, 0xA9, 0xAC, 0xB0, 0xA9, 0xA6, 0xA9, 0x86, 0xA7, 0xA4, 0xA7, 0x5D, 
0xA4, 0xA2, 0xA4, 0x34, 0x99, 0x97, 0x99, 0x1C, 0x84, 0x81, 0x84, 0x14, 
0x68, 0x66, 0x68, 0x0C, 0x3C, 0x3B, 0x3C, 0x04, 0x00, 0x00, 0x00, 0x00, 
0x00, 0x00, 0x00, 0x00, 0x00, 0x00, 0x00, 0x00, 0x00, 0x00, 0x00, 0x00, 
0x00, 0x00, 0x00, 0x00, 0x00, 0x00, 0x00, 0x00, 0x00, 0x00, 0x00, 0x00, 
0x00, 0x00, 0x00, 0x00, 0x00, 0x00, 0x00, 0x00, 0x00, 0x00, 0x00, 0x00, 
0x00, 0x00, 0x00, 0x00, 0x00, 0x00, 0x00, 0x00, 0x00, 0x00, 0x00, 0x00, 
0x00, 0x00, 0x00, 0x00, 0x00, 0x00, 0x00, 0x00, 0x00, 0x00, 0x00, 0x00, 
0x00, 0x00, 0x00, 0x00, 0x00, 0x00, 0x00, 0x00, 0x00, 0x00, 0x00, 0x00, 
0x00, 0x00, 0x00, 0x00, 0x00, 0x00, 0x00, 0x00, 0x00, 0x00, 0x00, 0x00, 
0x00, 0x00, 0x00, 0x00, 0x00, 0x00, 0x00, 0x00, 0x00, 0x00, 0x00, 0x00, 
0x00, 0x00, 0x00, 0x00, 0x00, 0x00, 0x00, 0x00, 0x00, 0x00, 0x00, 0x00, 
0x3F, 0x3F, 0x3F, 0x08, 0x6C, 0x6C, 0x6C, 0x18, 0x8A, 0x89, 0x8A, 0x1F, 
0xA1, 0xA0, 0xA1, 0x2C, 0xAB, 0xAA, 0xAB, 0x4B, 0xAB, 0xAA, 0xAB, 0x7D, 
0xAB, 0xAA, 0xAB, 0xAF, 0xAB, 0xAA, 0xAB, 0xE1, 0xAB, 0xAA, 0xAB, 0xFB, 
0xAB, 0xAA, 0xAB, 0xFC, 0xAB, 0xAA, 0xAB, 0xFD, 0xAB, 0xAA, 0xAB, 0xFE, 
0xAB, 0xAA, 0xAB, 0xFF, 0xAB, 0xAA, 0xAB, 0xFF, 0xAB, 0xAA, 0xAB, 0xFF, 
0xAB, 0xAA, 0xAB, 0xFF, 0xAB, 0xAA, 0xAB, 0xFF, 0xAB, 0xAA, 0xAB, 0xFF, 
0xAC, 0xAA, 0xAC, 0xFF, 0xAC, 0xAA, 0xAC, 0xFF, 0xAD, 0xAA, 0xAD, 0xFF, 
0xAD, 0xAA, 0xAD, 0xFF, 0xAD, 0xAA, 0xAD, 0xFF, 0xAD, 0xAA, 0xAD, 0xFF, 
0xAD, 0xAA, 0xAD, 0xFB, 0xAD, 0xAA, 0xAD, 0xF3, 0xAD, 0xAA, 0xAD, 0xEB, 
0xAD, 0xAA, 0xAD, 0xE3, 0xAD, 0xAA, 0xAD, 0xCB, 0xAD, 0xAA, 0xAD, 0xA1, 
0xAD, 0xAA, 0xAD, 0x78, 0xAD, 0xAA, 0xAD, 0x4F, 0xA4, 0xA2, 0xA4, 0x33, 
0x90, 0x8E, 0x90, 0x26, 0x78, 0x76, 0x78, 0x19, 0x58, 0x57, 0x58, 0x0B, 
0x3C, 0x3B, 0x3C, 0x04, 0x33, 0x32, 0x33, 0x03, 0x26, 0x25, 0x26, 0x02, 
0x13, 0x13, 0x13, 0x01, 0x00, 0x00, 0x00, 0x00, 0x00, 0x00, 0x00, 0x00, 
0x00, 0x00, 0x00, 0x00, 0x00, 0x00, 0x00, 0x00, 0x00, 0x00, 0x00, 0x00, 
0x00, 0x00, 0x00, 0x00, 0x00, 0x00, 0x00, 0x00, 0x00, 0x00, 0x00, 0x00, 
0x00, 0x00, 0x00, 0x00, 0x00, 0x00, 0x00, 0x00, 0x00, 0x00, 0x00, 0x00, 
0x00, 0x00, 0x00, 0x00, 0x00, 0x00, 0x00, 0x00, 0x00, 0x00, 0x00, 0x00, 
0x00, 0x00, 0x00, 0x00, 0x00, 0x00, 0x00, 0x00, 0x00, 0x00, 0x00, 0x00, 
0x00, 0x00, 0x00, 0x00, 0x00, 0x00, 0x00, 0x00, 0x00, 0x00, 0x00, 0x00, 
0x00, 0x00, 0x00, 0x00, 0x00, 0x00, 0x00, 0x00, 0x00, 0x00, 0x00, 0x00, 
0x00, 0x00, 0x00, 0x00, 0x40, 0x3F, 0x40, 0x06, 0x6D, 0x6C, 0x6D, 0x13, 
0x8A, 0x89, 0x8A, 0x16, 0xA1, 0xA0, 0xA1, 0x1F, 0xAB, 0xAA, 0xAB, 0x3D, 
0xAB, 0xAA, 0xAB, 0x71, 0xAB, 0xAA, 0xAB, 0xA4, 0xAB, 0xAA, 0xAB, 0xD8, 
0xAB, 0xAA, 0xAB, 0xF3, 0xAB, 0xAA, 0xAB, 0xF7, 0xAB, 0xAA, 0xAB, 0xFA, 
0xAB, 0xAA, 0xAB, 0xFD, 0xAB, 0xAA, 0xAB, 0xFF, 0xAB, 0xAA, 0xAB, 0xFF, 
0xAB, 0xAA, 0xAB, 0xFF, 0xAB, 0xAA, 0xAB, 0xFF, 0xAB, 0xAA, 0xAB, 0xFF, 
0xAB, 0xAA, 0xAB, 0xFF, 0xAC, 0xAA, 0xAC, 0xFF, 0xAC, 0xAA, 0xAC, 0xFF, 
0xAC, 0xAA, 0xAC, 0xFF, 0xAC, 0xAA, 0xAC, 0xFF, 0xAC, 0xAA, 0xAC, 0xFF, 
0xAC, 0xAA, 0xAC, 0xFF, 0xAC, 0xAA, 0xAC, 0xFC, 0xAC, 0xAA, 0xAC, 0xF7, 
0xAC, 0xAA, 0xAC, 0xF1, 0xAC, 0xAA, 0xAC, 0xEB, 0xAC, 0xAA, 0xAC, 0xD8, 
0xAC, 0xAA, 0xAC, 0xB8, 0xAC, 0xAA, 0xAC, 0x97, 0xAC, 0xAA, 0xAC, 0x76, 
0xA6, 0xA4, 0xA6, 0x5B, 0x99, 0x97, 0x99, 0x45, 0x8A, 0x88, 0x8A, 0x2F, 
0x78, 0x76, 0x78, 0x19, 0x68, 0x66, 0x68, 0x0C, 0x58, 0x57, 0x58, 0x08, 
0x45, 0x43, 0x45, 0x05, 0x26, 0x25, 0x26, 0x02, 0x00, 0x00, 0x00, 0x00, 
0x00, 0x00, 0x00, 0x00, 0x00, 0x00, 0x00, 0x00, 0x00, 0x00, 0x00, 0x00, 
0x00, 0x00, 0x00, 0x00, 0x00, 0x00, 0x00, 0x00, 0x00, 0x00, 0x00, 0x00, 
0x00, 0x00, 0x00, 0x00, 0x00, 0x00, 0x00, 0x00, 0x00, 0x00, 0x00, 0x00, 
0x00, 0x00, 0x00, 0x00, 0x00, 0x00, 0x00, 0x00, 0x00, 0x00, 0x00, 0x00, 
0x00, 0x00, 0x00, 0x00, 0x00, 0x00, 0x00, 0x00, 0x00, 0x00, 0x00, 0x00, 
0x00, 0x00, 0x00, 0x00, 0x00, 0x00, 0x00, 0x00, 0x00, 0x00, 0x00, 0x00, 
0x00, 0x00, 0x00, 0x00, 0x00, 0x00, 0x00, 0x00, 0x00, 0x00, 0x00, 0x00, 
0x00, 0x00, 0x00, 0x00, 0x00, 0x00, 0x00, 0x00, 0x40, 0x3F, 0x40, 0x04, 
0x6D, 0x6C, 0x6D, 0x0D, 0x8B, 0x89, 0x8B, 0x0D, 0xA2, 0xA0, 0xA2, 0x13, 
0xAC, 0xAA, 0xAC, 0x30, 0xAC, 0xAA, 0xAC, 0x65, 0xAC, 0xAA, 0xAC, 0x99, 
0xAC, 0xAA, 0xAC, 0xCE, 0xAC, 0xAA, 0xAC, 0xEB, 0xAC, 0xAA, 0xAC, 0xF1, 
0xAC, 0xAA, 0xAC, 0xF7, 0xAC, 0xAA, 0xAC, 0xFC, 0xAC, 0xAA, 0xAC, 0xFF, 
0xAC, 0xAA, 0xAC, 0xFF, 0xAC, 0xAA, 0xAC, 0xFF, 0xAC, 0xAA, 0xAC, 0xFF, 
0xAC, 0xAA, 0xAC, 0xFF, 0xAC, 0xAA, 0xAC, 0xFF, 0xAB, 0xAA, 0xAB, 0xFF, 
0xAB, 0xAA, 0xAB, 0xFF, 0xAB, 0xAA, 0xAB, 0xFF, 0xAB, 0xAA, 0xAB, 0xFF, 
0xAB, 0xAA, 0xAB, 0xFF, 0xAB, 0xAA, 0xAB, 0xFF, 0xAB, 0xAA, 0xAB, 0xFD, 
0xAB, 0xAA, 0xAB, 0xFA, 0xAB, 0xAA, 0xAB, 0xF7, 0xAB, 0xAA, 0xAB, 0xF3, 
0xAB, 0xAA, 0xAB, 0xE6, 0xAB, 0xAA, 0xAB, 0xCE, 0xAB, 0xAA, 0xAB, 0xB6, 
0xAB, 0xAA, 0xAB, 0x9E, 0xA8, 0xA6, 0xA8, 0x83, 0xA0, 0x9F, 0xA0, 0x64, 
0x99, 0x97, 0x99, 0x45, 0x90, 0x8E, 0x90, 0x26, 0x84, 0x81, 0x84, 0x14, 
0x70, 0x6F, 0x70, 0x0E, 0x58, 0x57, 0x58, 0x08, 0x33, 0x32, 0x33, 0x03, 
0x00, 0x00, 0x00, 0x00, 0x00, 0x00, 0x00, 0x00, 0x00, 0x00, 0x00, 0x00, 
0x00, 0x00, 0x00, 0x00, 0x00, 0x00, 0x00, 0x00, 0x00, 0x00, 0x00, 0x00, 
0x00, 0x00, 0x00, 0x00, 0x00, 0x00, 0x00, 0x00, 0x00, 0x00, 0x00, 0x00, 
0x00, 0x00, 0x00, 0x00, 0x00, 0x00, 0x00, 0x00, 0x00, 0x00, 0x00, 0x00, 
0x00, 0x00, 0x00, 0x00, 0x00, 0x00, 0x00, 0x00, 0x00, 0x00, 0x00, 0x00, 
0x00, 0x00, 0x00, 0x00, 0x00, 0x00, 0x00, 0x00, 0x00, 0x00, 0x00, 0x00, 
0x00, 0x00, 0x00, 0x00, 0x00, 0x00, 0x00, 0x00, 0x00, 0x00, 0x00, 0x00, 
0x00, 0x00, 0x00, 0x00, 0x00, 0x00, 0x00, 0x00, 0x00, 0x00, 0x00, 0x00, 
0x40, 0x3F, 0x40, 0x03, 0x6E, 0x6C, 0x6E, 0x08, 0x8B, 0x89, 0x8B, 0x04, 
0xA3, 0xA0, 0xA3, 0x06, 0xAD, 0xAA, 0xAD, 0x22, 0xAD, 0xAA, 0xAD, 0x58, 
0xAD, 0xAA, 0xAD, 0x8E, 0xAD, 0xAA, 0xAD, 0xC4, 0xAD, 0xAA, 0xAD, 0xE3, 
0xAD, 0xAA, 0xAD, 0xEB, 0xAD, 0xAA, 0xAD, 0xF3, 0xAD, 0xAA, 0xAD, 0xFB, 
0xAD, 0xAA, 0xAD, 0xFF, 0xAD, 0xAA, 0xAD, 0xFF, 0xAD, 0xAA, 0xAD, 0xFF, 
0xAD, 0xAA, 0xAD, 0xFF, 0xAC, 0xAA, 0xAC, 0xFF, 0xAC, 0xAA, 0xAC, 0xFF, 
0xAB, 0xAA, 0xAB, 0xFF, 0xAB, 0xAA, 0xAB, 0xFF, 0xAB, 0xAA, 0xAB, 0xFF, 
0xAB, 0xAA, 0xAB, 0xFF, 0xAB, 0xAA, 0xAB, 0xFF, 0xAB, 0xAA, 0xAB, 0xFF, 
0xAB, 0xAA, 0xAB, 0xFE, 0xAB, 0xAA, 0xAB, 0xFD, 0xAB, 0xAA, 0xAB, 0xFC, 
0xAB, 0xAA, 0xAB, 0xFB, 0xAB, 0xAA, 0xAB, 0xF3, 0xAB, 0xAA, 0xAB, 0xE4, 
0xAB, 0xAA, 0xAB, 0xD5, 0xAB, 0xAA, 0xAB, 0xC6, 0xAA, 0xA9, 0xAA, 0xAA, 
0xA8, 0xA6, 0xA8, 0x83, 0xA6, 0xA4, 0xA6, 0x5B, 0xA4, 0xA2, 0xA4, 0x33, 
0x99, 0x97, 0x99, 0x1C, 0x84, 0x81, 0x84, 0x14, 0x68, 0x66, 0x68, 0x0C, 
0x3C, 0x3B, 0x3C, 0x04, 0x00, 0x00, 0x00, 0x00, 0x00, 0x00, 0x00, 0x00, 
0x00, 0x00, 0x00, 0x00, 0x00, 0x00, 0x00, 0x00, 0x00, 0x00, 0x00, 0x00, 
0x00, 0x00, 0x00, 0x00, 0x00, 0x00, 0x00, 0x00, 0x00, 0x00, 0x00, 0x00, 
0x00, 0x00, 0x00, 0x00, 0x00, 0x00, 0x00, 0x00, 0x00, 0x00, 0x00, 0x00, 
0x00, 0x00, 0x00, 0x00, 0x00, 0x00, 0x00, 0x00, 0x00, 0x00, 0x00, 0x00, 
0x00, 0x00, 0x00, 0x00, 0x00, 0x00, 0x00, 0x00, 0x00, 0x00, 0x00, 0x00, 
0x00, 0x00, 0x00, 0x00, 0x00, 0x00, 0x00, 0x00, 0x00, 0x00, 0x00, 0x00, 
0x00, 0x00, 0x00, 0x00, 0x00, 0x00, 0x00, 0x00, 0x00, 0x00, 0x00, 0x00, 
0x00, 0x00, 0x00, 0x00, 0x41, 0x3F, 0x41, 0x01, 0x6E, 0x6C, 0x6E, 0x03, 
0x84, 0x81, 0x84, 0x00, 0x99, 0x97, 0x99, 0x00, 0xA4, 0xA2, 0xA4, 0x19, 
0xA7, 0xA4, 0xA7, 0x4A, 0xA9, 0xA6, 0xA9, 0x7B, 0xAC, 0xA9, 0xAC, 0xAC, 
0xAD, 0xAA, 0xAD, 0xCB, 0xAD, 0xAA, 0xAD, 0xD9, 0xAD, 0xAA, 0xAD, 0xE6, 
0xAD, 0xAA, 0xAD, 0xF4, 0xAD, 0xAA, 0xAD, 0xFB, 0xAD, 0xAA, 0xAD, 0xFC, 
0xAD, 0xAA, 0xAD, 0xFD, 0xAD, 0xAA, 0xAD, 0xFE, 0xAD, 0xAA, 0xAD, 0xFF, 
0xAC, 0xAA, 0xAC, 0xFF, 0xAB, 0xAA, 0xAB, 0xFF, 0xAB, 0xAA, 0xAB, 0xFF, 
0xAA, 0xAA, 0xAA, 0xFF, 0xAA, 0xAA, 0xAA, 0xFF, 0xAA, 0xAA, 0xAA, 0xFF, 
0xAA, 0xAA, 0xAA, 0xFF, 0xAA, 0xAA, 0xAA, 0xFF, 0xAA, 0xAA, 0xAA, 0xFF, 
0xAA, 0xAA, 0xAA, 0xFF, 0xAA, 0xAA, 0xAA, 0xFF, 0xAA, 0xAA, 0xAA, 0xFA, 
0xAA, 0xAA, 0xAA, 0xF1, 0xAA, 0xAA, 0xAA, 0xE7, 0xAA, 0xAA, 0xAA, 0xDE, 
0xAB, 0xAA, 0xAB, 0xC6, 0xAB, 0xAA, 0xAB, 0x9E, 0xAC, 0xAA, 0xAC, 0x76, 
0xAD, 0xAA, 0xAD, 0x4F, 0xA4, 0xA2, 0xA4, 0x34, 0x90, 0x8E, 0x90, 0x26, 
0x79, 0x76, 0x79, 0x19, 0x58, 0x57, 0x58, 0x0B, 0x3C, 0x3B, 0x3C, 0x04, 
0x33, 0x32, 0x33, 0x03, 0x26, 0x25, 0x26, 0x02, 0x13, 0x13, 0x13, 0x01, 
0x00, 0x00, 0x00, 0x00, 0x00, 0x00, 0x00, 0x00, 0x00, 0x00, 0x00, 0x00, 
0x00, 0x00, 0x00, 0x00, 0x00, 0x00, 0x00, 0x00, 0x00, 0x00, 0x00, 0x00, 
0x00, 0x00, 0x00, 0x00, 0x00, 0x00, 0x00, 0x00, 0x00, 0x00, 0x00, 0x00, 
0x00, 0x00, 0x00, 0x00, 0x00, 0x00, 0x00, 0x00, 0x00, 0x00, 0x00, 0x00, 
0x00, 0x00, 0x00, 0x00, 0x00, 0x00, 0x00, 0x00, 0x00, 0x00, 0x00, 0x00, 
0x00, 0x00, 0x00, 0x00, 0x00, 0x00, 0x00, 0x00, 0x00, 0x00, 0x00, 0x00, 
0x00, 0x00, 0x00, 0x00, 0x00, 0x00, 0x00, 0x00, 0x3C, 0x3B, 0x3C, 0x00, 
0x68, 0x66, 0x68, 0x00, 0x70, 0x6F, 0x70, 0x00, 0x84, 0x81, 0x84, 0x00, 
0x90, 0x8E, 0x90, 0x13, 0x99, 0x97, 0x99, 0x38, 0xA2, 0x9F, 0xA2, 0x5E, 
0xA9, 0xA6, 0xA9, 0x84, 0xAD, 0xAA, 0xAD, 0xA2, 0xAD, 0xAA, 0xAD, 0xB9, 
0xAD, 0xAA, 0xAD, 0xCF, 0xAD, 0xAA, 0xAD, 0xE6, 0xAD, 0xAA, 0xAD, 0xF3, 
0xAD, 0xAA, 0xAD, 0xF7, 0xAD, 0xAA, 0xAD, 0xFA, 0xAD, 0xAA, 0xAD, 0xFD, 
0xAD, 0xAA, 0xAD, 0xFF, 0xAC, 0xAA, 0xAC, 0xFF, 0xAB, 0xAA, 0xAB, 0xFF, 
0xAB, 0xAA, 0xAB, 0xFF, 0xAA, 0xAA, 0xAA, 0xFF, 0xAA, 0xAA, 0xAA, 0xFF, 
0xAA, 0xAA, 0xAA, 0xFF, 0xAA, 0xAA, 0xAA, 0xFF, 0xAA, 0xAA, 0xAA, 0xFF, 
0xAA, 0xAA, 0xAA, 0xFF, 0xAA, 0xAA, 0xAA, 0xFF, 0xAA, 0xAA, 0xAA, 0xFF, 
0xAA, 0xAA, 0xAA, 0xFC, 0xAA, 0xAA, 0xAA, 0xF5, 0xAA, 0xAA, 0xAA, 0xEE, 
0xAA, 0xAA, 0xAA, 0xE7, 0xAB, 0xAA, 0xAB, 0xD5, 0xAB, 0xAA, 0xAB, 0xB6, 
0xAC, 0xAA, 0xAC, 0x97, 0xAD, 0xAA, 0xAD, 0x78, 0xA7, 0xA4, 0xA7, 0x5D, 
0x99, 0x97, 0x99, 0x46, 0x8A, 0x88, 0x8A, 0x30, 0x79, 0x76, 0x79, 0x19, 
0x68, 0x66, 0x68, 0x0C, 0x58, 0x57, 0x58, 0x08, 0x45, 0x43, 0x45, 0x05, 
0x26, 0x25, 0x26, 0x02, 0x00, 0x00, 0x00, 0x00, 0x00, 0x00, 0x00, 0x00, 
0x00, 0x00, 0x00, 0x00, 0x00, 0x00, 0x00, 0x00, 0x00, 0x00, 0x00, 0x00, 
0x00, 0x00, 0x00, 0x00, 0x00, 0x00, 0x00, 0x00, 0x00, 0x00, 0x00, 0x00, 
0x00, 0x00, 0x00, 0x00, 0x00, 0x00, 0x00, 0x00, 0x00, 0x00, 0x00, 0x00, 
0x00, 0x00, 0x00, 0x00, 0x00, 0x00, 0x00, 0x00, 0x00, 0x00, 0x00, 0x00, 
0x00, 0x00, 0x00, 0x00, 0x00, 0x00, 0x00, 0x00, 0x00, 0x00, 0x00, 0x00, 
0x00, 0x00, 0x00, 0x00, 0x00, 0x00, 0x00, 0x00, 0x00, 0x00, 0x00, 0x00, 
0x33, 0x32, 0x33, 0x00, 0x58, 0x57, 0x58, 0x00, 0x58, 0x57, 0x58, 0x00, 
0x68, 0x66, 0x68, 0x00, 0x79, 0x76, 0x79, 0x0D, 0x8A, 0x88, 0x8A, 0x27, 
0x99, 0x97, 0x99, 0x41, 0xA7, 0xA4, 0xA7, 0x5C, 0xAD, 0xAA, 0xAD, 0x79, 
0xAD, 0xAA, 0xAD, 0x99, 0xAD, 0xAA, 0xAD, 0xB9, 0xAD, 0xAA, 0xAD, 0xD9, 
0xAD, 0xAA, 0xAD, 0xEB, 0xAD, 0xAA, 0xAD, 0xF1, 0xAD, 0xAA, 0xAD, 0xF7, 
0xAD, 0xAA, 0xAD, 0xFC, 0xAD, 0xAA, 0xAD, 0xFF, 0xAC, 0xAA, 0xAC, 0xFF, 
0xAB, 0xAA, 0xAB, 0xFF, 0xAB, 0xAA, 0xAB, 0xFF, 0xAA, 0xAA, 0xAA, 0xFF, 
0xAA, 0xAA, 0xAA, 0xFF, 0xAA, 0xAA, 0xAA, 0xFF, 0xAA, 0xAA, 0xAA, 0xFF, 
0xAA, 0xAA, 0xAA, 0xFF, 0xAA, 0xAA, 0xAA, 0xFF, 0xAA, 0xAA, 0xAA, 0xFF, 
0xAA, 0xAA, 0xAA, 0xFF, 0xAA, 0xAA, 0xAA, 0xFD, 0xAA, 0xAA, 0xAA, 0xF9, 
0xAA, 0xAA, 0xAA, 0xF5, 0xAA, 0xAA, 0xAA, 0xF1, 0xAB, 0xAA, 0xAB, 0xE4, 
0xAB, 0xAA, 0xAB, 0xCE, 0xAC, 0xAA, 0xAC, 0xB8, 0xAD, 0xAA, 0xAD, 0xA1, 
0xA9, 0xA6, 0xA9, 0x86, 0xA2, 0x9F, 0xA2, 0x66, 0x99, 0x97, 0x99, 0x46, 
0x90, 0x8E, 0x90, 0x26, 0x84, 0x81, 0x84, 0x14, 0x70, 0x6F, 0x70, 0x0E, 
0x58, 0x57, 0x58, 0x08, 0x33, 0x32, 0x33, 0x03, 0x00, 0x00, 0x00, 0x00, 
0x00, 0x00, 0x00, 0x00, 0x00, 0x00, 0x00, 0x00, 0x00, 0x00, 0x00, 0x00, 
0x00, 0x00, 0x00, 0x00, 0x00, 0x00, 0x00, 0x00, 0x00, 0x00, 0x00, 0x00, 
0x00, 0x00, 0x00, 0x00, 0x00, 0x00, 0x00, 0x00, 0x00, 0x00, 0x00, 0x00, 
0x00, 0x00, 0x00, 0x00, 0x00, 0x00, 0x00, 0x00, 0x00, 0x00, 0x00, 0x00, 
0x00, 0x00, 0x00, 0x00, 0x00, 0x00, 0x00, 0x00, 0x00, 0x00, 0x00, 0x00, 
0x00, 0x00, 0x00, 0x00, 0x00, 0x00, 0x00, 0x00, 0x00, 0x00, 0x00, 0x00, 
0x00, 0x00, 0x00, 0x00, 0x26, 0x25, 0x26, 0x00, 0x45, 0x43, 0x45, 0x00, 
0x33, 0x32, 0x33, 0x00, 0x3C, 0x3B, 0x3C, 0x00, 0x58, 0x57, 0x58, 0x07, 
0x79, 0x76, 0x79, 0x16, 0x90, 0x8E, 0x90, 0x25, 0xA4, 0xA2, 0xA4, 0x34, 
0xAD, 0xAA, 0xAD, 0x4F, 0xAD, 0xAA, 0xAD, 0x79, 0xAD, 0xAA, 0xAD, 0xA2, 
0xAD, 0xAA, 0xAD, 0xCB, 0xAD, 0xAA, 0xAD, 0xE3, 0xAD, 0xAA, 0xAD, 0xEB, 
0xAD, 0xAA, 0xAD, 0xF3, 0xAD, 0xAA, 0xAD, 0xFB, 0xAD, 0xAA, 0xAD, 0xFF, 
0xAC, 0xAA, 0xAC, 0xFF, 0xAB, 0xAA, 0xAB, 0xFF, 0xAB, 0xAA, 0xAB, 0xFF, 
0xAA, 0xAA, 0xAA, 0xFF, 0xAA, 0xAA, 0xAA, 0xFF, 0xAA, 0xAA, 0xAA, 0xFF, 
0xAA, 0xAA, 0xAA, 0xFF, 0xAA, 0xAA, 0xAA, 0xFF, 0xAA, 0xAA, 0xAA, 0xFF, 
0xAA, 0xAA, 0xAA, 0xFF, 0xAA, 0xAA, 0xAA, 0xFF, 0xAA, 0xAA, 0xAA, 0xFE, 
0xAA, 0xAA, 0xAA, 0xFD, 0xAA, 0xAA, 0xAA, 0xFC, 0xAA, 0xAA, 0xAA, 0xFA, 
0xAB, 0xAA, 0xAB, 0xF3, 0xAB, 0xAA, 0xAB, 0xE6, 0xAC, 0xAA, 0xAC, 0xD8, 
0xAD, 0xAA, 0xAD, 0xCB, 0xAC, 0xA9, 0xAC, 0xB0, 0xA9, 0xA6, 0xA9, 0x86, 
0xA7, 0xA4, 0xA7, 0x5D, 0xA4, 0xA2, 0xA4, 0x34, 0x99, 0x97, 0x99, 0x1C, 
0x84, 0x81, 0x84, 0x14, 0x68, 0x66, 0x68, 0x0C, 0x3C, 0x3B, 0x3C, 0x04, 
0x00, 0x00, 0x00, 0x00, 0x00, 0x00, 0x00, 0x00, 0x00, 0x00, 0x00, 0x00, 
0x00, 0x00, 0x00, 0x00, 0x00, 0x00, 0x00, 0x00, 0x00, 0x00, 0x00, 0x00, 
0x00, 0x00, 0x00, 0x00, 0x00, 0x00, 0x00, 0x00, 0x00, 0x00, 0x00, 0x00, 
0x00, 0x00, 0x00, 0x00, 0x00, 0x00, 0x00, 0x00, 0x00, 0x00, 0x00, 0x00, 
0x00, 0x00, 0x00, 0x00, 0x00, 0x00, 0x00, 0x00, 0x00, 0x00, 0x00, 0x00, 
0x00, 0x00, 0x00, 0x00, 0x00, 0x00, 0x00, 0x00, 0x00, 0x00, 0x00, 0x00, 
0x00, 0x00, 0x00, 0x00, 0x00, 0x00, 0x00, 0x00, 0x13, 0x13, 0x13, 0x00, 
0x26, 0x25, 0x26, 0x00, 0x00, 0x00, 0x00, 0x00, 0x00, 0x00, 0x00, 0x00, 
0x3C, 0x3B, 0x3C, 0x04, 0x68, 0x66, 0x68, 0x0C, 0x84, 0x81, 0x84, 0x14, 
0x99, 0x97, 0x99, 0x1C, 0xA4, 0xA2, 0xA4, 0x34, 0xA7, 0xA4, 0xA7, 0x5D, 
0xA9, 0xA6, 0xA9, 0x86, 0xAC, 0xA9, 0xAC, 0xB0, 0xAD, 0xAA, 0xAD, 0xCB, 
0xAD, 0xAA, 0xAD, 0xD9, 0xAD, 0xAA, 0xAD, 0xE6, 0xAD, 0xAA, 0xAD, 0xF4, 
0xAD, 0xAA, 0xAD, 0xFB, 0xAC, 0xAA, 0xAC, 0xFC, 0xAB, 0xAA, 0xAB, 0xFD, 
0xAB, 0xAA, 0xAB, 0xFE, 0xAA, 0xAA, 0xAA, 0xFF, 0xAA, 0xAA, 0xAA, 0xFF, 
0xAA, 0xAA, 0xAA, 0xFF, 0xAA, 0xAA, 0xAA, 0xFF, 0xAA, 0xAA, 0xAA, 0xFF, 
0xAA, 0xAA, 0xAA, 0xFF, 0xAA, 0xAA, 0xAA, 0xFF, 0xAA, 0xAA, 0xAA, 0xFF, 
0xAA, 0xAA, 0xAA, 0xFF, 0xAA, 0xAA, 0xAA, 0xFF, 0xAA, 0xAA, 0xAA, 0xFF, 
0xAA, 0xAA, 0xAA, 0xFF, 0xAB, 0xAA, 0xAB, 0xFB, 0xAB, 0xAA, 0xAB, 0xF3, 
0xAC, 0xAA, 0xAC, 0xEB, 0xAD, 0xAA, 0xAD, 0xE3, 0xAD, 0xAA, 0xAD, 0xCB, 
0xAD, 0xAA, 0xAD, 0xA2, 0xAD, 0xAA, 0xAD, 0x79, 0xAD, 0xAA, 0xAD, 0x4F, 
0xA4, 0xA2, 0xA4, 0x34, 0x90, 0x8E, 0x90, 0x26, 0x79, 0x76, 0x79, 0x19, 
0x58, 0x57, 0x58, 0x0B, 0x3C, 0x3B, 0x3C, 0x04, 0x33, 0x32, 0x33, 0x03, 
0x26, 0x25, 0x26, 0x02, 0x13, 0x13, 0x13, 0x01, 0x00, 0x00, 0x00, 0x00, 
0x00, 0x00, 0x00, 0x00, 0x00, 0x00, 0x00, 0x00, 0x00, 0x00, 0x00, 0x00, 
0x00, 0x00, 0x00, 0x00, 0x00, 0x00, 0x00, 0x00, 0x00, 0x00, 0x00, 0x00, 
0x00, 0x00, 0x00, 0x00, 0x00, 0x00, 0x00, 0x00, 0x00, 0x00, 0x00, 0x00, 
0x00, 0x00, 0x00, 0x00, 0x00, 0x00, 0x00, 0x00, 0x00, 0x00, 0x00, 0x00, 
0x00, 0x00, 0x00, 0x00, 0x00, 0x00, 0x00, 0x00, 0x00, 0x00, 0x00, 0x00, 
0x00, 0x00, 0x00, 0x00, 0x00, 0x00, 0x00, 0x00, 0x00, 0x00, 0x00, 0x00, 
0x00, 0x00, 0x00, 0x00, 0x33, 0x32, 0x33, 0x03, 0x58, 0x57, 0x58, 0x08, 
0x70, 0x6F, 0x70, 0x0E, 0x84, 0x81, 0x84, 0x14, 0x90, 0x8E, 0x90, 0x26, 
0x99, 0x97, 0x99, 0x46, 0xA2, 0x9F, 0xA2, 0x66, 0xA9, 0xA6, 0xA9, 0x86, 
0xAD, 0xAA, 0xAD, 0xA2, 0xAD, 0xAA, 0xAD, 0xB9, 0xAD, 0xAA, 0xAD, 0xCF, 
0xAD, 0xAA, 0xAD, 0xE6, 0xAD, 0xAA, 0xAD, 0xF3, 0xAC, 0xAA, 0xAC, 0xF7, 
0xAB, 0xAA, 0xAB, 0xFA, 0xAB, 0xAA, 0xAB, 0xFD, 0xAA, 0xAA, 0xAA, 0xFF, 
0xAA, 0xAA, 0xAA, 0xFF, 0xAA, 0xAA, 0xAA, 0xFF, 0xAA, 0xAA, 0xAA, 0xFF, 
0xAA, 0xAA, 0xAA, 0xFF, 0xAA, 0xAA, 0xAA, 0xFF, 0xAA, 0xAA, 0xAA, 0xFF, 
0xAA, 0xAA, 0xAA, 0xFF, 0xAA, 0xAA, 0xAA, 0xFF, 0xAA, 0xAA, 0xAA, 0xFF, 
0xAA, 0xAA, 0xAA, 0xFF, 0xAA, 0xAA, 0xAA, 0xFF, 0xAB, 0xAA, 0xAB, 0xFC, 
0xAB, 0xAA, 0xAB, 0xF7, 0xAC, 0xAA, 0xAC, 0xF1, 0xAD, 0xAA, 0xAD, 0xEB, 
0xAD, 0xAA, 0xAD, 0xD9, 0xAD, 0xAA, 0xAD, 0xB9, 0xAD, 0xAA, 0xAD, 0x99, 
0xAD, 0xAA, 0xAD, 0x79, 0xA7, 0xA4, 0xA7, 0x5D, 0x99, 0x97, 0x99, 0x46, 
0x8A, 0x88, 0x8A, 0x30, 0x79, 0x76, 0x79, 0x19, 0x68, 0x66, 0x68, 0x0C, 
0x58, 0x57, 0x58, 0x08, 0x45, 0x43, 0x45, 0x05, 0x26, 0x25, 0x26, 0x02, 
0x00, 0x00, 0x00, 0x00, 0x00, 0x00, 0x00, 0x00, 0x00, 0x00, 0x00, 0x00, 
0x00, 0x00, 0x00, 0x00, 0x00, 0x00, 0x00, 0x00, 0x00, 0x00, 0x00, 0x00, 
0x00, 0x00, 0x00, 0x00, 0x00, 0x00, 0x00, 0x00, 0x00, 0x00, 0x00, 0x00, 
0x00, 0x00, 0x00, 0x00, 0x00, 0x00, 0x00, 0x00, 0x00, 0x00, 0x00, 0x00, 
0x00, 0x00, 0x00, 0x00, 0x00, 0x00, 0x00, 0x00, 0x00, 0x00, 0x00, 0x00, 
0x00, 0x00, 0x00, 0x00, 0x00, 0x00, 0x00, 0x00, 0x00, 0x00, 0x00, 0x00, 
0x00, 0x00, 0x00, 0x00, 0x00, 0x00, 0x00, 0x00, 0x26, 0x25, 0x26, 0x02, 
0x45, 0x43, 0x45, 0x05, 0x58, 0x57, 0x58, 0x08, 0x68, 0x66, 0x68, 0x0C, 
0x79, 0x76, 0x79, 0x19, 0x8A, 0x88, 0x8A, 0x30, 0x99, 0x97, 0x99, 0x46, 
0xA7, 0xA4, 0xA7, 0x5D, 0xAD, 0xAA, 0xAD, 0x79, 0xAD, 0xAA, 0xAD, 0x99, 
0xAD, 0xAA, 0xAD, 0xB9, 0xAD, 0xAA, 0xAD, 0xD9, 0xAD, 0xAA, 0xAD, 0xEB, 
0xAC, 0xAA, 0xAC, 0xF1, 0xAB, 0xAA, 0xAB, 0xF7, 0xAB, 0xAA, 0xAB, 0xFC, 
0xAA, 0xAA, 0xAA, 0xFF, 0xAA, 0xAA, 0xAA, 0xFF, 0xAA, 0xAA, 0xAA, 0xFF, 
0xAA, 0xAA, 0xAA, 0xFF, 0xAA, 0xAA, 0xAA, 0xFF, 0xAA, 0xAA, 0xAA, 0xFF, 
0xAA, 0xAA, 0xAA, 0xFF, 0xAA, 0xAA, 0xAA, 0xFF, 0xAA, 0xAA, 0xAA, 0xFF, 
0xAA, 0xAA, 0xAA, 0xFF, 0xAA, 0xAA, 0xAA, 0xFF, 0xAA, 0xAA, 0xAA, 0xFF, 
0xAB, 0xAA, 0xAB, 0xFD, 0xAB, 0xAA, 0xAB, 0xFA, 0xAC, 0xAA, 0xAC, 0xF7, 
0xAD, 0xAA, 0xAD, 0xF3, 0xAD, 0xAA, 0xAD, 0xE6, 0xAD, 0xAA, 0xAD, 0xCF, 
0xAD, 0xAA, 0xAD, 0xB9, 0xAD, 0xAA, 0xAD, 0xA2, 0xA9, 0xA6, 0xA9, 0x86, 
0xA2, 0x9F, 0xA2, 0x66, 0x99, 0x97, 0x99, 0x46, 0x90, 0x8E, 0x90, 0x26, 
0x84, 0x81, 0x84, 0x14, 0x70, 0x6F, 0x70, 0x0E, 0x58, 0x57, 0x58, 0x08, 
0x33, 0x32, 0x33, 0x03, 0x00, 0x00, 0x00, 0x00, 0x00, 0x00, 0x00, 0x00, 
0x00, 0x00, 0x00, 0x00, 0x00, 0x00, 0x00, 0x00, 0x00, 0x00, 0x00, 0x00, 
0x00, 0x00, 0x00, 0x00, 0x00, 0x00, 0x00, 0x00, 0x00, 0x00, 0x00, 0x00, 
0x00, 0x00, 0x00, 0x00, 0x00, 0x00, 0x00, 0x00, 0x00, 0x00, 0x00, 0x00, 
0x00, 0x00, 0x00, 0x00, 0x00, 0x00, 0x00, 0x00, 0x00, 0x00, 0x00, 0x00, 
0x00, 0x00, 0x00, 0x00, 0x00, 0x00, 0x00, 0x00, 0x00, 0x00, 0x00, 0x00, 
0x00, 0x00, 0x00, 0x00, 0x00, 0x00, 0x00, 0x00, 0x00, 0x00, 0x00, 0x00, 
0x13, 0x13, 0x13, 0x01, 0x26, 0x25, 0x26, 0x02, 0x33, 0x32, 0x33, 0x03, 
0x3C, 0x3B, 0x3C, 0x04, 0x58, 0x57, 0x58, 0x0B, 0x79, 0x76, 0x79, 0x19, 
0x90, 0x8E, 0x90, 0x26, 0xA4, 0xA2, 0xA4, 0x34, 0xAD, 0xAA, 0xAD, 0x4F, 
0xAD, 0xAA, 0xAD, 0x79, 0xAD, 0xAA, 0xAD, 0xA2, 0xAD, 0xAA, 0xAD, 0xCB, 
0xAD, 0xAA, 0xAD, 0xE3, 0xAC, 0xAA, 0xAC, 0xEB, 0xAB, 0xAA, 0xAB, 0xF3, 
0xAB, 0xAA, 0xAB, 0xFB, 0xAA, 0xAA, 0xAA, 0xFF, 0xAA, 0xAA, 0xAA, 0xFF, 
0xAA, 0xAA, 0xAA, 0xFF, 0xAA, 0xAA, 0xAA, 0xFF, 0xAA, 0xAA, 0xAA, 0xFF, 
0xAA, 0xAA, 0xAA, 0xFF, 0xAA, 0xAA, 0xAA, 0xFF, 0xAA, 0xAA, 0xAA, 0xFF, 
0xAA, 0xAA, 0xAA, 0xFF, 0xAA, 0xAA, 0xAA, 0xFF, 0xAA, 0xAA, 0xAA, 0xFF, 
0xAA, 0xAA, 0xAA, 0xFF, 0xAB, 0xAA, 0xAB, 0xFE, 0xAB, 0xAA, 0xAB, 0xFD, 
0xAC, 0xAA, 0xAC, 0xFC, 0xAD, 0xAA, 0xAD, 0xFB, 0xAD, 0xAA, 0xAD, 0xF4, 
0xAD, 0xAA, 0xAD, 0xE6, 0xAD, 0xAA, 0xAD, 0xD9, 0xAD, 0xAA, 0xAD, 0xCB, 
0xAC, 0xA9, 0xAC, 0xB0, 0xA9, 0xA6, 0xA9, 0x86, 0xA7, 0xA4, 0xA7, 0x5D, 
0xA4, 0xA2, 0xA4, 0x34, 0x99, 0x97, 0x99, 0x1C, 0x84, 0x81, 0x84, 0x14, 
0x68, 0x66, 0x68, 0x0C, 0x3C, 0x3B, 0x3C, 0x04, 0x00, 0x00, 0x00, 0x00, 
0x00, 0x00, 0x00, 0x00, 0x00, 0x00, 0x00, 0x00, 0x00, 0x00, 0x00, 0x00, 
0x00, 0x00, 0x00, 0x00, 0x00, 0x00, 0x00, 0x00, 0x00, 0x00, 0x00, 0x00, 
0x00, 0x00, 0x00, 0x00, 0x00, 0x00, 0x00, 0x00, 0x00, 0x00, 0x00, 0x00, 
0x00, 0x00, 0x00, 0x00, 0x00, 0x00, 0x00, 0x00, 0x00, 0x00, 0x00, 0x00, 
0x00, 0x00, 0x00, 0x00, 0x00, 0x00, 0x00, 0x00, 0x00, 0x00, 0x00, 0x00, 
0x00, 0x00, 0x00, 0x00, 0x00, 0x00, 0x00, 0x00, 0x00, 0x00, 0x00, 0x00, 
0x00, 0x00, 0x00, 0x00, 0x00, 0x00, 0x00, 0x00, 0x00, 0x00, 0x00, 0x00, 
0x00, 0x00, 0x00, 0x00, 0x00, 0x00, 0x00, 0x00, 0x3C, 0x3B, 0x3C, 0x04, 
0x68, 0x66, 0x68, 0x0C, 0x84, 0x81, 0x84, 0x14, 0x99, 0x97, 0x99, 0x1C, 
0xA4, 0xA2, 0xA4, 0x34, 0xA7, 0xA4, 0xA7, 0x5D, 0xA9, 0xA6, 0xA9, 0x86, 
0xAC, 0xA9, 0xAC, 0xB0, 0xAD, 0xAA, 0xAD, 0xCB, 0xAC, 0xAA, 0xAC, 0xD8, 
0xAB, 0xAA, 0xAB, 0xE6, 0xAB, 0xAA, 0xAB, 0xF3, 0xAA, 0xAA, 0xAA, 0xFA, 
0xAA, 0xAA, 0xAA, 0xFC, 0xAA, 0xAA, 0xAA, 0xFD, 0xAA, 0xAA, 0xAA, 0xFE, 
0xAA, 0xAA, 0xAA, 0xFF, 0xAA, 0xAA, 0xAA, 0xFF, 0xAA, 0xAA, 0xAA, 0xFF, 
0xAA, 0xAA, 0xAA, 0xFF, 0xAA, 0xAA, 0xAA, 0xFF, 0xAA, 0xAA, 0xAA, 0xFF, 
0xAA, 0xAA, 0xAA, 0xFF, 0xAA, 0xAA, 0xAA, 0xFF, 0xAB, 0xAA, 0xAB, 0xFF, 
0xAB, 0xAA, 0xAB, 0xFF, 0xAC, 0xAA, 0xAC, 0xFF, 0xAD, 0xAA, 0xAD, 0xFF, 
0xAD, 0xAA, 0xAD, 0xFB, 0xAD, 0xAA, 0xAD, 0xF3, 0xAD, 0xAA, 0xAD, 0xEB, 
0xAD, 0xAA, 0xAD, 0xE3, 0xAD, 0xAA, 0xAD, 0xCB, 0xAD, 0xAA, 0xAD, 0xA2, 
0xAD, 0xAA, 0xAD, 0x79, 0xAD, 0xAA, 0xAD, 0x4F, 0xA4, 0xA2, 0xA4, 0x34, 
0x90, 0x8E, 0x90, 0x26, 0x79, 0x76, 0x79, 0x19, 0x58, 0x57, 0x58, 0x0B, 
0x3C, 0x3B, 0x3C, 0x04, 0x33, 0x32, 0x33, 0x03, 0x26, 0x25, 0x26, 0x02, 
0x13, 0x13, 0x13, 0x01, 0x00, 0x00, 0x00, 0x00, 0x00, 0x00, 0x00, 0x00, 
0x00, 0x00, 0x00, 0x00, 0x00, 0x00, 0x00, 0x00, 0x00, 0x00, 0x00, 0x00, 
0x00, 0x00, 0x00, 0x00, 0x00, 0x00, 0x00, 0x00, 0x00, 0x00, 0x00, 0x00, 
0x00, 0x00, 0x00, 0x00, 0x00, 0x00, 0x00, 0x00, 0x00, 0x00, 0x00, 0x00, 
0x00, 0x00, 0x00, 0x00, 0x00, 0x00, 0x00, 0x00, 0x00, 0x00, 0x00, 0x00, 
0x00, 0x00, 0x00, 0x00, 0x00, 0x00, 0x00, 0x00, 0x00, 0x00, 0x00, 0x00, 
0x00, 0x00, 0x00, 0x00, 0x00, 0x00, 0x00, 0x00, 0x00, 0x00, 0x00, 0x00, 
0x33, 0x32, 0x33, 0x03, 0x58, 0x57, 0x58, 0x08, 0x70, 0x6F, 0x70, 0x0E, 
0x84, 0x81, 0x84, 0x14, 0x90, 0x8E, 0x90, 0x26, 0x99, 0x97, 0x99, 0x46, 
0xA2, 0x9F, 0xA2, 0x66, 0xA9, 0xA6, 0xA9, 0x86, 0xAD, 0xAA, 0xAD, 0xA1, 
0xAC, 0xAA, 0xAC, 0xB8, 0xAB, 0xAA, 0xAB, 0xCE, 0xAB, 0xAA, 0xAB, 0xE4, 
0xAA, 0xAA, 0xAA, 0xF1, 0xAA, 0xAA, 0xAA, 0xF5, 0xAA, 0xAA, 0xAA, 0xF9, 
0xAA, 0xAA, 0xAA, 0xFD, 0xAA, 0xAA, 0xAA, 0xFF, 0xAA, 0xAA, 0xAA, 0xFF, 
0xAA, 0xAA, 0xAA, 0xFF, 0xAA, 0xAA, 0xAA, 0xFF, 0xAA, 0xAA, 0xAA, 0xFF, 
0xAA, 0xAA, 0xAA, 0xFF, 0xAA, 0xAA, 0xAA, 0xFF, 0xAA, 0xAA, 0xAA, 0xFF, 
0xAB, 0xAA, 0xAB, 0xFF, 0xAB, 0xAA, 0xAB, 0xFF, 0xAC, 0xAA, 0xAC, 0xFF, 
0xAD, 0xAA, 0xAD, 0xFF, 0xAD, 0xAA, 0xAD, 0xFC, 0xAD, 0xAA, 0xAD, 0xF7, 
0xAD, 0xAA, 0xAD, 0xF1, 0xAD, 0xAA, 0xAD, 0xEB, 0xAD, 0xAA, 0xAD, 0xD9, 
0xAD, 0xAA, 0xAD, 0xB9, 0xAD, 0xAA, 0xAD, 0x99, 0xAD, 0xAA, 0xAD, 0x79, 
0xA7, 0xA4, 0xA7, 0x5D, 0x99, 0x97, 0x99, 0x46, 0x8A, 0x88, 0x8A, 0x30, 
0x79, 0x76, 0x79, 0x19, 0x68, 0x66, 0x68, 0x0C, 0x58, 0x57, 0x58, 0x08, 
0x45, 0x43, 0x45, 0x05, 0x26, 0x25, 0x26, 0x02, 0x00, 0x00, 0x00, 0x00, 
0x00, 0x00, 0x00, 0x00, 0x00, 0x00, 0x00, 0x00, 0x00, 0x00, 0x00, 0x00, 
0x00, 0x00, 0x00, 0x00, 0x00, 0x00, 0x00, 0x00, 0x00, 0x00, 0x00, 0x00, 
0x00, 0x00, 0x00, 0x00, 0x00, 0x00, 0x00, 0x00, 0x00, 0x00, 0x00, 0x00, 
0x00, 0x00, 0x00, 0x00, 0x00, 0x00, 0x00, 0x00, 0x00, 0x00, 0x00, 0x00, 
0x00, 0x00, 0x00, 0x00, 0x00, 0x00, 0x00, 0x00, 0x00, 0x00, 0x00, 0x00, 
0x00, 0x00, 0x00, 0x00, 0x00, 0x00, 0x00, 0x00, 0x00, 0x00, 0x00, 0x00, 
0x00, 0x00, 0x00, 0x00, 0x26, 0x25, 0x26, 0x02, 0x45, 0x43, 0x45, 0x05, 
0x58, 0x57, 0x58, 0x08, 0x68, 0x66, 0x68, 0x0C, 0x79, 0x76, 0x79, 0x19, 
0x8A, 0x88, 0x8A, 0x30, 0x99, 0x97, 0x99, 0x46, 0xA7, 0xA4, 0xA7, 0x5D, 
0xAD, 0xAA, 0xAD, 0x78, 0xAC, 0xAA, 0xAC, 0x97, 0xAB, 0xAA, 0xAB, 0xB6, 
0xAB, 0xAA, 0xAB, 0xD5, 0xAA, 0xAA, 0xAA, 0xE7, 0xAA, 0xAA, 0xAA, 0xEE, 
0xAA, 0xAA, 0xAA, 0xF5, 0xAA, 0xAA, 0xAA, 0xFC, 0xAA, 0xAA, 0xAA, 0xFF, 
0xAA, 0xAA, 0xAA, 0xFF, 0xAA, 0xAA, 0xAA, 0xFF, 0xAA, 0xAA, 0xAA, 0xFF, 
0xAA, 0xAA, 0xAA, 0xFF, 0xAA, 0xAA, 0xAA, 0xFF, 0xAA, 0xAA, 0xAA, 0xFF, 
0xAA, 0xAA, 0xAA, 0xFF, 0xAB, 0xAA, 0xAB, 0xFF, 0xAB, 0xAA, 0xAB, 0xFF, 
0xAC, 0xAA, 0xAC, 0xFF, 0xAD, 0xAA, 0xAD, 0xFF, 0xAD, 0xAA, 0xAD, 0xFD, 
0xAD, 0xAA, 0xAD, 0xFA, 0xAD, 0xAA, 0xAD, 0xF7, 0xAD, 0xAA, 0xAD, 0xF3, 
0xAD, 0xAA, 0xAD, 0xE6, 0xAD, 0xAA, 0xAD, 0xCF, 0xAD, 0xAA, 0xAD, 0xB9, 
0xAD, 0xAA, 0xAD, 0xA2, 0xA9, 0xA6, 0xA9, 0x86, 0xA2, 0x9F, 0xA2, 0x66, 
0x99, 0x97, 0x99, 0x46, 0x90, 0x8E, 0x90, 0x26, 0x84, 0x81, 0x84, 0x14, 
0x70, 0x6F, 0x70, 0x0E, 0x58, 0x57, 0x58, 0x08, 0x33, 0x32, 0x33, 0x03, 
0x00, 0x00, 0x00, 0x00, 0x00, 0x00, 0x00, 0x00, 0x00, 0x00, 0x00, 0x00, 
0x00, 0x00, 0x00, 0x00, 0x00, 0x00, 0x00, 0x00, 0x00, 0x00, 0x00, 0x00, 
0x00, 0x00, 0x00, 0x00, 0x00, 0x00, 0x00, 0x00, 0x00, 0x00, 0x00, 0x00, 
0x00, 0x00, 0x00, 0x00, 0x00, 0x00, 0x00, 0x00, 0x00, 0x00, 0x00, 0x00, 
0x00, 0x00, 0x00, 0x00, 0x00, 0x00, 0x00, 0x00, 0x00, 0x00, 0x00, 0x00, 
0x00, 0x00, 0x00, 0x00, 0x00, 0x00, 0x00, 0x00, 0x00, 0x00, 0x00, 0x00, 
0x00, 0x00, 0x00, 0x00, 0x00, 0x00, 0x00, 0x00, 0x13, 0x13, 0x13, 0x01, 
0x26, 0x25, 0x26, 0x02, 0x33, 0x32, 0x33, 0x03, 0x3C, 0x3B, 0x3C, 0x04, 
0x58, 0x57, 0x58, 0x0B, 0x79, 0x76, 0x79, 0x19, 0x90, 0x8E, 0x90, 0x26, 
0xA4, 0xA2, 0xA4, 0x34, 0xAD, 0xAA, 0xAD, 0x4F, 0xAC, 0xAA, 0xAC, 0x76, 
0xAB, 0xAA, 0xAB, 0x9E, 0xAB, 0xAA, 0xAB, 0xC6, 0xAA, 0xAA, 0xAA, 0xDE, 
0xAA, 0xAA, 0xAA, 0xE7, 0xAA, 0xAA, 0xAA, 0xF1, 0xAA, 0xAA, 0xAA, 0xFA, 
0xAA, 0xAA, 0xAA, 0xFF, 0xAA, 0xAA, 0xAA, 0xFF, 0xAA, 0xAA, 0xAA, 0xFF, 
0xAA, 0xAA, 0xAA, 0xFF, 0xAA, 0xAA, 0xAA, 0xFF, 0xAA, 0xAA, 0xAA, 0xFF, 
0xAA, 0xAA, 0xAA, 0xFF, 0xAA, 0xAA, 0xAA, 0xFF, 0xAB, 0xAA, 0xAB, 0xFF, 
0xAB, 0xAA, 0xAB, 0xFF, 0xAC, 0xAA, 0xAC, 0xFF, 0xAD, 0xAA, 0xAD, 0xFF, 
0xAD, 0xAA, 0xAD, 0xFE, 0xAD, 0xAA, 0xAD, 0xFD, 0xAD, 0xAA, 0xAD, 0xFC, 
0xAD, 0xAA, 0xAD, 0xFB, 0xAD, 0xAA, 0xAD, 0xF4, 0xAD, 0xAA, 0xAD, 0xE6, 
0xAD, 0xAA, 0xAD, 0xD9, 0xAD, 0xAA, 0xAD, 0xCB, 0xAC, 0xA9, 0xAC, 0xB0, 
0xA9, 0xA6, 0xA9, 0x86, 0xA7, 0xA4, 0xA7, 0x5D, 0xA4, 0xA2, 0xA4, 0x34, 
0x99, 0x97, 0x99, 0x1C, 0x84, 0x81, 0x84, 0x14, 0x68, 0x66, 0x68, 0x0C, 
0x3C, 0x3B, 0x3C, 0x04, 0x00, 0x00, 0x00, 0x00, 0x00, 0x00, 0x00, 0x00, 
0x00, 0x00, 0x00, 0x00, 0x00, 0x00, 0x00, 0x00, 0x00, 0x00, 0x00, 0x00, 
0x00, 0x00, 0x00, 0x00, 0x00, 0x00, 0x00, 0x00, 0x00, 0x00, 0x00, 0x00, 
0x00, 0x00, 0x00, 0x00, 0x00, 0x00, 0x00, 0x00, 0x00, 0x00, 0x00, 0x00, 
0x00, 0x00, 0x00, 0x00, 0x00, 0x00, 0x00, 0x00, 0x00, 0x00, 0x00, 0x00, 
0x00, 0x00, 0x00, 0x00, 0x00, 0x00, 0x00, 0x00, 0x00, 0x00, 0x00, 0x00, 
0x00, 0x00, 0x00, 0x00, 0x00, 0x00, 0x00, 0x00, 0x00, 0x00, 0x00, 0x00, 
0x00, 0x00, 0x00, 0x00, 0x00, 0x00, 0x00, 0x00, 0x00, 0x00, 0x00, 0x00, 
0x00, 0x00, 0x00, 0x00, 0x3C, 0x3B, 0x3C, 0x04, 0x68, 0x66, 0x68, 0x0C, 
0x84, 0x81, 0x84, 0x14, 0x99, 0x97, 0x99, 0x1C, 0xA4, 0xA2, 0xA4, 0x33, 
0xA6, 0xA4, 0xA6, 0x5B, 0xA8, 0xA6, 0xA8, 0x83, 0xAA, 0xA9, 0xAA, 0xAA, 
0xAB, 0xAA, 0xAB, 0xC6, 0xAB, 0xAA, 0xAB, 0xD5, 0xAB, 0xAA, 0xAB, 0xE4, 
0xAB, 0xAA, 0xAB, 0xF3, 0xAB, 0xAA, 0xAB, 0xFB, 0xAB, 0xAA, 0xAB, 0xFC, 
0xAB, 0xAA, 0xAB, 0xFD, 0xAB, 0xAA, 0xAB, 0xFE, 0xAB, 0xAA, 0xAB, 0xFF, 
0xAB, 0xAA, 0xAB, 0xFF, 0xAB, 0xAA, 0xAB, 0xFF, 0xAB, 0xAA, 0xAB, 0xFF, 
0xAB, 0xAA, 0xAB, 0xFF, 0xAB, 0xAA, 0xAB, 0xFF, 0xAC, 0xAA, 0xAC, 0xFF, 
0xAC, 0xAA, 0xAC, 0xFF, 0xAD, 0xAA, 0xAD, 0xFF, 0xAD, 0xAA, 0xAD, 0xFF, 
0xAD, 0xAA, 0xAD, 0xFF, 0xAD, 0xAA, 0xAD, 0xFF, 0xAD, 0xAA, 0xAD, 0xFB, 
0xAD, 0xAA, 0xAD, 0xF3, 0xAD, 0xAA, 0xAD, 0xEB, 0xAD, 0xAA, 0xAD, 0xE3, 
0xAD, 0xAA, 0xAD, 0xCB, 0xAD, 0xAA, 0xAD, 0xA2, 0xAD, 0xAA, 0xAD, 0x79, 
0xAD, 0xAA, 0xAD, 0x4F, 0xA4, 0xA1, 0xA4, 0x34, 0x90, 0x8E, 0x90, 0x26, 
0x77, 0x76, 0x77, 0x18, 0x56, 0x56, 0x56, 0x0B, 0x39, 0x3A, 0x39, 0x03, 
0x30, 0x30, 0x30, 0x02, 0x24, 0x24, 0x24, 0x01, 0x12, 0x12, 0x12, 0x00, 
0x00, 0x00, 0x00, 0x00, 0x00, 0x00, 0x00, 0x00, 0x00, 0x00, 0x00, 0x00, 
0x00, 0x00, 0x00, 0x00, 0x00, 0x00, 0x00, 0x00, 0x00, 0x00, 0x00, 0x00, 
0x00, 0x00, 0x00, 0x00, 0x00, 0x00, 0x00, 0x00, 0x00, 0x00, 0x00, 0x00, 
0x00, 0x00, 0x00, 0x00, 0x00, 0x00, 0x00, 0x00, 0x00, 0x00, 0x00, 0x00, 
0x00, 0x00, 0x00, 0x00, 0x00, 0x00, 0x00, 0x00, 0x00, 0x00, 0x00, 0x00, 
0x00, 0x00, 0x00, 0x00, 0x00, 0x00, 0x00, 0x00, 0x00, 0x00, 0x00, 0x00, 
0x00, 0x00, 0x00, 0x00, 0x00, 0x00, 0x00, 0x00, 0x33, 0x32, 0x33, 0x03, 
0x58, 0x57, 0x58, 0x08, 0x70, 0x6F, 0x70, 0x0E, 0x84, 0x81, 0x84, 0x14, 
0x90, 0x8E, 0x90, 0x26, 0x99, 0x97, 0x99, 0x45, 0xA0, 0x9F, 0xA0, 0x64, 
0xA8, 0xA6, 0xA8, 0x83, 0xAB, 0xAA, 0xAB, 0x9E, 0xAB, 0xAA, 0xAB, 0xB6, 
0xAB, 0xAA, 0xAB, 0xCE, 0xAB, 0xAA, 0xAB, 0xE6, 0xAB, 0xAA, 0xAB, 0xF3, 
0xAB, 0xAA, 0xAB, 0xF7, 0xAB, 0xAA, 0xAB, 0xFA, 0xAB, 0xAA, 0xAB, 0xFD, 
0xAB, 0xAA, 0xAB, 0xFF, 0xAB, 0xAA, 0xAB, 0xFF, 0xAB, 0xAA, 0xAB, 0xFF, 
0xAB, 0xAA, 0xAB, 0xFF, 0xAB, 0xAA, 0xAB, 0xFF, 0xAB, 0xAA, 0xAB, 0xFF, 
0xAC, 0xAA, 0xAC, 0xFF, 0xAC, 0xAA, 0xAC, 0xFF, 0xAC, 0xAA, 0xAC, 0xFF, 
0xAC, 0xAA, 0xAC, 0xFF, 0xAC, 0xAA, 0xAC, 0xFF, 0xAC, 0xAA, 0xAC, 0xFF, 
0xAC, 0xAA, 0xAC, 0xFC, 0xAC, 0xAA, 0xAC, 0xF7, 0xAC, 0xAA, 0xAC, 0xF1, 
0xAC, 0xAA, 0xAC, 0xEB, 0xAC, 0xAA, 0xAC, 0xD9, 0xAC, 0xAA, 0xAC, 0xB9, 
0xAC, 0xAA, 0xAC, 0x99, 0xAC, 0xAA, 0xAC, 0x79, 0xA5, 0xA4, 0xA5, 0x5D, 
0x97, 0x96, 0x97, 0x46, 0x87, 0x86, 0x87, 0x2E, 0x74, 0x74, 0x74, 0x17, 
0x63, 0x63, 0x63, 0x0A, 0x54, 0x54, 0x54, 0x07, 0x41, 0x41, 0x41, 0x04, 
0x24, 0x24, 0x24, 0x01, 0x00, 0x00, 0x00, 0x00, 0x00, 0x00, 0x00, 0x00, 
0x00, 0x00, 0x00, 0x00, 0x00, 0x00, 0x00, 0x00, 0x00, 0x00, 0x00, 0x00, 
0x00, 0x00, 0x00, 0x00, 0x00, 0x00, 0x00, 0x00, 0x00, 0x00, 0x00, 0x00, 
0x00, 0x00, 0x00, 0x00, 0x00, 0x00, 0x00, 0x00, 0x00, 0x00, 0x00, 0x00, 
0x00, 0x00, 0x00, 0x00, 0x00, 0x00, 0x00, 0x00, 0x00, 0x00, 0x00, 0x00, 
0x00, 0x00, 0x00, 0x00, 0x00, 0x00, 0x00, 0x00, 0x00, 0x00, 0x00, 0x00, 
0x00, 0x00, 0x00, 0x00, 0x00, 0x00, 0x00, 0x00, 0x00, 0x00, 0x00, 0x00, 
0x26, 0x25, 0x26, 0x02, 0x45, 0x43, 0x45, 0x05, 0x58, 0x57, 0x58, 0x08, 
0x68, 0x66, 0x68, 0x0C, 0x78, 0x76, 0x78, 0x19, 0x8A, 0x88, 0x8A, 0x2F, 
0x99, 0x97, 0x99, 0x45, 0xA6, 0xA4, 0xA6, 0x5B, 0xAC, 0xAA, 0xAC, 0x76, 
0xAC, 0xAA, 0xAC, 0x97, 0xAC, 0xAA, 0xAC, 0xB8, 0xAC, 0xAA, 0xAC, 0xD8, 
0xAC, 0xAA, 0xAC, 0xEB, 0xAC, 0xAA, 0xAC, 0xF1, 0xAC, 0xAA, 0xAC, 0xF7, 
0xAC, 0xAA, 0xAC, 0xFC, 0xAC, 0xAA, 0xAC, 0xFF, 0xAC, 0xAA, 0xAC, 0xFF, 
0xAC, 0xAA, 0xAC, 0xFF, 0xAC, 0xAA, 0xAC, 0xFF, 0xAC, 0xAA, 0xAC, 0xFF, 
0xAC, 0xAA, 0xAC, 0xFF, 0xAB, 0xAA, 0xAB, 0xFF, 0xAB, 0xAA, 0xAB, 0xFF, 
0xAB, 0xAA, 0xAB, 0xFF, 0xAB, 0xAA, 0xAB, 0xFF, 0xAB, 0xAA, 0xAB, 0xFF, 
0xAB, 0xAA, 0xAB, 0xFF, 0xAB, 0xAA, 0xAB, 0xFD, 0xAB, 0xAA, 0xAB, 0xFA, 
0xAB, 0xAA, 0xAB, 0xF7, 0xAB, 0xAA, 0xAB, 0xF3, 0xAB, 0xAA, 0xAB, 0xE6, 
0xAB, 0xAA, 0xAB, 0xCF, 0xAB, 0xAA, 0xAB, 0xB9, 0xAB, 0xAA, 0xAB, 0xA2, 
0xA7, 0xA6, 0xA7, 0x86, 0x9E, 0x9E, 0x9E, 0x65, 0x95, 0x95, 0x95, 0x44, 
0x8B, 0x8B, 0x8B, 0x23, 0x7D, 0x7E, 0x7D, 0x10, 0x6B, 0x6C, 0x6B, 0x0C, 
0x54, 0x54, 0x54, 0x07, 0x30, 0x30, 0x30, 0x02, 0x00, 0x00, 0x00, 0x00, 
0x00, 0x00, 0x00, 0x00, 0x00, 0x00, 0x00, 0x00, 0x00, 0x00, 0x00, 0x00, 
0x00, 0x00, 0x00, 0x00, 0x00, 0x00, 0x00, 0x00, 0x00, 0x00, 0x00, 0x00, 
0x00, 0x00, 0x00, 0x00, 0x00, 0x00, 0x00, 0x00, 0x00, 0x00, 0x00, 0x00, 
0x00, 0x00, 0x00, 0x00, 0x00, 0x00, 0x00, 0x00, 0x00, 0x00, 0x00, 0x00, 
0x00, 0x00, 0x00, 0x00, 0x00, 0x00, 0x00, 0x00, 0x00, 0x00, 0x00, 0x00, 
0x00, 0x00, 0x00, 0x00, 0x00, 0x00, 0x00, 0x00, 0x00, 0x00, 0x00, 0x00, 
0x00, 0x00, 0x00, 0x00, 0x13, 0x13, 0x13, 0x01, 0x26, 0x25, 0x26, 0x02, 
0x33, 0x32, 0x33, 0x03, 0x3C, 0x3B, 0x3C, 0x04, 0x58, 0x57, 0x58, 0x0B, 
0x78, 0x76, 0x78, 0x19, 0x90, 0x8E, 0x90, 0x26, 0xA4, 0xA2, 0xA4, 0x33, 
0xAD, 0xAA, 0xAD, 0x4F, 0xAD, 0xAA, 0xAD, 0x78, 0xAD, 0xAA, 0xAD, 0xA1, 
0xAD, 0xAA, 0xAD, 0xCB, 0xAD, 0xAA, 0xAD, 0xE3, 0xAD, 0xAA, 0xAD, 0xEB, 
0xAD, 0xAA, 0xAD, 0xF3, 0xAD, 0xAA, 0xAD, 0xFB, 0xAD, 0xAA, 0xAD, 0xFF, 
0xAD, 0xAA, 0xAD, 0xFF, 0xAD, 0xAA, 0xAD, 0xFF, 0xAD, 0xAA, 0xAD, 0xFF, 
0xAC, 0xAA, 0xAC, 0xFF, 0xAC, 0xAA, 0xAC, 0xFF, 0xAB, 0xAA, 0xAB, 0xFF, 
0xAB, 0xAA, 0xAB, 0xFF, 0xAB, 0xAA, 0xAB, 0xFF, 0xAB, 0xAA, 0xAB, 0xFF, 
0xAB, 0xAA, 0xAB, 0xFF, 0xAB, 0xAA, 0xAB, 0xFF, 0xAB, 0xAA, 0xAB, 0xFE, 
0xAB, 0xAA, 0xAB, 0xFD, 0xAB, 0xAA, 0xAB, 0xFC, 0xAB, 0xAA, 0xAB, 0xFB, 
0xAB, 0xAA, 0xAB, 0xF4, 0xAB, 0xAA, 0xAB, 0xE6, 0xAB, 0xAA, 0xAB, 0xD9, 
0xAB, 0xAA, 0xAB, 0xCB, 0xA9, 0xA8, 0xA9, 0xAF, 0xA5, 0xA5, 0xA5, 0x84, 
0xA1, 0xA2, 0xA1, 0x5A, 0x9D, 0x9E, 0x9D, 0x2F, 0x92, 0x93, 0x92, 0x17, 
0x7D, 0x7E, 0x7D, 0x10, 0x63, 0x63, 0x63, 0x0A, 0x39, 0x3A, 0x39, 0x03, 
0x00, 0x00, 0x00, 0x00, 0x00, 0x00, 0x00, 0x00, 0x00, 0x00, 0x00, 0x00, 
0x00, 0x00, 0x00, 0x00, 0x00, 0x00, 0x00, 0x00, 0x00, 0x00, 0x00, 0x00, 
0x00, 0x00, 0x00, 0x00, 0x00, 0x00, 0x00, 0x00, 0x00, 0x00, 0x00, 0x00, 
0x00, 0x00, 0x00, 0x00, 0x00, 0x00, 0x00, 0x00, 0x00, 0x00, 0x00, 0x00, 
0x00, 0x00, 0x00, 0x00, 0x00, 0x00, 0x00, 0x00, 0x00, 0x00, 0x00, 0x00, 
0x00, 0x00, 0x00, 0x00, 0x00, 0x00, 0x00, 0x00, 0x00, 0x00, 0x00, 0x00, 
0x00, 0x00, 0x00, 0x00, 0x00, 0x00, 0x00, 0x00, 0x00, 0x00, 0x00, 0x00, 
0x00, 0x00, 0x00, 0x00, 0x00, 0x00, 0x00, 0x00, 0x00, 0x00, 0x00, 0x00, 
0x3C, 0x3B, 0x3C, 0x04, 0x68, 0x66, 0x68, 0x0C, 0x84, 0x81, 0x84, 0x14, 
0x99, 0x97, 0x99, 0x1C, 0xA4, 0xA2, 0xA4, 0x34, 0xA7, 0xA4, 0xA7, 0x5D, 
0xA9, 0xA6, 0xA9, 0x86, 0xAC, 0xA9, 0xAC, 0xB0, 0xAD, 0xAA, 0xAD, 0xCB, 
0xAD, 0xAA, 0xAD, 0xD9, 0xAD, 0xAA, 0xAD, 0xE6, 0xAD, 0xAA, 0xAD, 0xF4, 
0xAD, 0xAA, 0xAD, 0xFB, 0xAD, 0xAA, 0xAD, 0xFC, 0xAD, 0xAA, 0xAD, 0xFD, 
0xAD, 0xAA, 0xAD, 0xFE, 0xAD, 0xAA, 0xAD, 0xFF, 0xAC, 0xAA, 0xAC, 0xFF, 
0xAB, 0xAA, 0xAB, 0xFF, 0xAB, 0xAA, 0xAB, 0xFF, 0xAA, 0xAA, 0xAA, 0xFF, 
0xAA, 0xAA, 0xAA, 0xFF, 0xAA, 0xAA, 0xAA, 0xFF, 0xAA, 0xAA, 0xAA, 0xFF, 
0xAA, 0xAA, 0xAA, 0xFF, 0xAA, 0xAA, 0xAA, 0xFF, 0xAA, 0xAA, 0xAA, 0xFF, 
0xAA, 0xAA, 0xAA, 0xFF, 0xAA, 0xAA, 0xAA, 0xFB, 0xAA, 0xAA, 0xAA, 0xF3, 
0xAA, 0xAA, 0xAA, 0xEB, 0xAA, 0xAA, 0xAA, 0xE3, 0xA9, 0xAA, 0xA9, 0xCA, 
0xA8, 0xA8, 0xA8, 0xA0, 0xA7, 0xA8, 0xA7, 0x75, 0xA6, 0xA6, 0xA6, 0x4A, 
0x9D, 0x9D, 0x9D, 0x2F, 0x8A, 0x8B, 0x8A, 0x23, 0x73, 0x73, 0x73, 0x16, 
0x54, 0x54, 0x54, 0x0A, 0x39, 0x3A, 0x39, 0x03, 0x30, 0x30, 0x30, 0x02, 
0x24, 0x24, 0x24, 0x01, 0x12, 0x12, 0x12, 0x00, 0x00, 0x00, 0x00, 0x00, 
0x00, 0x00, 0x00, 0x00, 0x00, 0x00, 0x00, 0x00, 0x00, 0x00, 0x00, 0x00, 
0x00, 0x00, 0x00, 0x00, 0x00, 0x00, 0x00, 0x00, 0x00, 0x00, 0x00, 0x00, 
0x00, 0x00, 0x00, 0x00, 0x00, 0x00, 0x00, 0x00, 0x00, 0x00, 0x00, 0x00, 
0x00, 0x00, 0x00, 0x00, 0x00, 0x00, 0x00, 0x00, 0x00, 0x00, 0x00, 0x00, 
0x00, 0x00, 0x00, 0x00, 0x00, 0x00, 0x00, 0x00, 0x00, 0x00, 0x00, 0x00, 
0x00, 0x00, 0x00, 0x00, 0x00, 0x00, 0x00, 0x00, 0x00, 0x00, 0x00, 0x00, 
0x00, 0x00, 0x00, 0x00, 0x33, 0x32, 0x33, 0x03, 0x58, 0x57, 0x58, 0x08, 
0x70, 0x6F, 0x70, 0x0E, 0x84, 0x81, 0x84, 0x14, 0x90, 0x8E, 0x90, 0x26, 
0x99, 0x97, 0x99, 0x46, 0xA2, 0x9F, 0xA2, 0x66, 0xA9, 0xA6, 0xA9, 0x86, 
0xAD, 0xAA, 0xAD, 0xA2, 0xAD, 0xAA, 0xAD, 0xB9, 0xAD, 0xAA, 0xAD, 0xCF, 
0xAD, 0xAA, 0xAD, 0xE6, 0xAD, 0xAA, 0xAD, 0xF3, 0xAD, 0xAA, 0xAD, 0xF7, 
0xAD, 0xAA, 0xAD, 0xFA, 0xAD, 0xAA, 0xAD, 0xFD, 0xAD, 0xAA, 0xAD, 0xFF, 
0xAC, 0xAA, 0xAC, 0xFF, 0xAB, 0xAA, 0xAB, 0xFF, 0xAB, 0xAA, 0xAB, 0xFF, 
0xAA, 0xAA, 0xAA, 0xFF, 0xAA, 0xAA, 0xAA, 0xFF, 0xAA, 0xAA, 0xAA, 0xFF, 
0xAA, 0xAA, 0xAA, 0xFF, 0xAA, 0xAA, 0xAA, 0xFF, 0xAA, 0xAA, 0xAA, 0xFF, 
0xAA, 0xAA, 0xAA, 0xFF, 0xAA, 0xAA, 0xAA, 0xFF, 0xAA, 0xAA, 0xAA, 0xFC, 
0xAA, 0xAA, 0xAA, 0xF7, 0xAA, 0xAA, 0xAA, 0xF1, 0xAA, 0xAA, 0xAA, 0xEB, 
0xA9, 0xAA, 0xA9, 0xD8, 0xA8, 0xA8, 0xA8, 0xB6, 0xA7, 0xA8, 0xA7, 0x95, 
0xA6, 0xA6, 0xA6, 0x74, 0x9F, 0xA0, 0x9F, 0x58, 0x92, 0x93, 0x92, 0x42, 
0x84, 0x84, 0x84, 0x2C, 0x73, 0x73, 0x73, 0x16, 0x63, 0x63, 0x63, 0x0A, 
0x54, 0x54, 0x54, 0x07, 0x41, 0x41, 0x41, 0x04, 0x24, 0x24, 0x24, 0x01, 
0x00, 0x00, 0x00, 0x00, 0x00, 0x00, 0x00, 0x00, 0x00, 0x00, 0x00, 0x00, 
0x00, 0x00, 0x00, 0x00, 0x00, 0x00, 0x00, 0x00, 0x00, 0x00, 0x00, 0x00, 
0x00, 0x00, 0x00, 0x00, 0x00, 0x00, 0x00, 0x00, 0x00, 0x00, 0x00, 0x00, 
0x00, 0x00, 0x00, 0x00, 0x00, 0x00, 0x00, 0x00, 0x00, 0x00, 0x00, 0x00, 
0x00, 0x00, 0x00, 0x00, 0x00, 0x00, 0x00, 0x00, 0x00, 0x00, 0x00, 0x00, 
0x00, 0x00, 0x00, 0x00, 0x00, 0x00, 0x00, 0x00, 0x00, 0x00, 0x00, 0x00, 
0x00, 0x00, 0x00, 0x00, 0x00, 0x00, 0x00, 0x00, 0x26, 0x25, 0x26, 0x02, 
0x45, 0x43, 0x45, 0x05, 0x58, 0x57, 0x58, 0x08, 0x68, 0x66, 0x68, 0x0C, 
0x79, 0x76, 0x79, 0x19, 0x8A, 0x88, 0x8A, 0x30, 0x99, 0x97, 0x99, 0x46, 
0xA7, 0xA4, 0xA7, 0x5D, 0xAD, 0xAA, 0xAD, 0x79, 0xAD, 0xAA, 0xAD, 0x99, 
0xAD, 0xAA, 0xAD, 0xB9, 0xAD, 0xAA, 0xAD, 0xD9, 0xAD, 0xAA, 0xAD, 0xEB, 
0xAD, 0xAA, 0xAD, 0xF1, 0xAD, 0xAA, 0xAD, 0xF7, 0xAD, 0xAA, 0xAD, 0xFC, 
0xAD, 0xAA, 0xAD, 0xFF, 0xAC, 0xAA, 0xAC, 0xFF, 0xAB, 0xAA, 0xAB, 0xFF, 
0xAB, 0xAA, 0xAB, 0xFF, 0xAA, 0xAA, 0xAA, 0xFF, 0xAA, 0xAA, 0xAA, 0xFF, 
0xAA, 0xAA, 0xAA, 0xFF, 0xAA, 0xAA, 0xAA, 0xFF, 0xAA, 0xAA, 0xAA, 0xFF, 
0xAA, 0xAA, 0xAA, 0xFF, 0xAA, 0xAA, 0xAA, 0xFF, 0xAA, 0xAA, 0xAA, 0xFF, 
0xAA, 0xAA, 0xAA, 0xFD, 0xAA, 0xAA, 0xAA, 0xFA, 0xAA, 0xAA, 0xAA, 0xF7, 
0xAA, 0xAA, 0xAA, 0xF3, 0xA9, 0xAA, 0xA9, 0xE5, 0xA8, 0xA8, 0xA8, 0xCD, 
0xA7, 0xA8, 0xA7, 0xB5, 0xA6, 0xA6, 0xA6, 0x9D, 0xA2, 0xA2, 0xA2, 0x81, 
0x9A, 0x9B, 0x9A, 0x62, 0x92, 0x93, 0x92, 0x42, 0x8A, 0x8B, 0x8A, 0x23, 
0x7D, 0x7E, 0x7D, 0x10, 0x6B, 0x6C, 0x6B, 0x0C, 0x54, 0x54, 0x54, 0x07, 
0x30, 0x30, 0x30, 0x02, 0x00, 0x00, 0x00, 0x00, 0x00, 0x00, 0x00, 0x00, 
0x00, 0x00, 0x00, 0x00, 0x00, 0x00, 0x00, 0x00, 0x00, 0x00, 0x00, 0x00, 
0x00, 0x00, 0x00, 0x00, 0x00, 0x00, 0x00, 0x00, 0x00, 0x00, 0x00, 0x00, 
0x00, 0x00, 0x00, 0x00, 0x00, 0x00, 0x00, 0x00, 0x00, 0x00, 0x00, 0x00, 
0x00, 0x00, 0x00, 0x00, 0x00, 0x00, 0x00, 0x00, 0x00, 0x00, 0x00, 0x00, 
0x00, 0x00, 0x00, 0x00, 0x00, 0x00, 0x00, 0x00, 0x00, 0x00, 0x00, 0x00, 
0x00, 0x00, 0x00, 0x00, 0x00, 0x00, 0x00, 0x00, 0x00, 0x00, 0x00, 0x00, 
0x13, 0x13, 0x13, 0x01, 0x26, 0x25, 0x26, 0x02, 0x33, 0x32, 0x33, 0x03, 
0x3C, 0x3B, 0x3C, 0x04, 0x58, 0x57, 0x58, 0x0B, 0x79, 0x76, 0x79, 0x19, 
0x90, 0x8E, 0x90, 0x26, 0xA4, 0xA2, 0xA4, 0x34, 0xAD, 0xAA, 0xAD, 0x4F, 
0xAD, 0xAA, 0xAD, 0x79, 0xAD, 0xAA, 0xAD, 0xA2, 0xAD, 0xAA, 0xAD, 0xCB, 
0xAD, 0xAA, 0xAD, 0xE3, 0xAD, 0xAA, 0xAD, 0xEB, 0xAD, 0xAA, 0xAD, 0xF3, 
0xAD, 0xAA, 0xAD, 0xFB, 0xAD, 0xAA, 0xAD, 0xFF, 0xAC, 0xAA, 0xAC, 0xFF, 
0xAB, 0xAA, 0xAB, 0xFF, 0xAB, 0xAA, 0xAB, 0xFF, 0xAA, 0xAA, 0xAA, 0xFF, 
0xAA, 0xAA, 0xAA, 0xFF, 0xAA, 0xAA, 0xAA, 0xFF, 0xAA, 0xAA, 0xAA, 0xFF, 
0xAA, 0xAA, 0xAA, 0xFF, 0xAA, 0xAA, 0xAA, 0xFF, 0xAA, 0xAA, 0xAA, 0xFF, 
0xAA, 0xAA, 0xAA, 0xFF, 0xAA, 0xAA, 0xAA, 0xFE, 0xAA, 0xAA, 0xAA, 0xFD, 
0xAA, 0xAA, 0xAA, 0xFC, 0xAA, 0xAA, 0xAA, 0xFB, 0xA9, 0xAA, 0xA9, 0xF3, 
0xA8, 0xA8, 0xA8, 0xE4, 0xA7, 0xA8, 0xA7, 0xD5, 0xA6, 0xA6, 0xA6, 0xC6, 
0xA4, 0xA5, 0xA4, 0xAA, 0xA2, 0xA2, 0xA2, 0x81, 0x9F, 0xA0, 0x9F, 0x58, 
0x9D, 0x9D, 0x9D, 0x2F, 0x92, 0x93, 0x92, 0x17, 0x7D, 0x7E, 0x7D, 0x10, 
0x63, 0x63, 0x63, 0x0A, 0x39, 0x3A, 0x39, 0x03, 0x00, 0x00, 0x00, 0x00, 
0x00, 0x00, 0x00, 0x00, 0x00, 0x00, 0x00, 0x00, 0x00, 0x00, 0x00, 0x00, 
0x00, 0x00, 0x00, 0x00, 0x00, 0x00, 0x00, 0x00, 0x00, 0x00, 0x00, 0x00, 
0x00, 0x00, 0x00, 0x00, 0x00, 0x00, 0x00, 0x00, 0x00, 0x00, 0x00, 0x00, 
0x00, 0x00, 0x00, 0x00, 0x00, 0x00, 0x00, 0x00, 0x00, 0x00, 0x00, 0x00, 
0x00, 0x00, 0x00, 0x00, 0x00, 0x00, 0x00, 0x00, 0x00, 0x00, 0x00, 0x00, 
0x00, 0x00, 0x00, 0x00, 0x00, 0x00, 0x00, 0x00, 0x00, 0x00, 0x00, 0x00, 
0x00, 0x00, 0x00, 0x00, 0x00, 0x00, 0x00, 0x00, 0x00, 0x00, 0x00, 0x00, 
0x00, 0x00, 0x00, 0x00, 0x00, 0x00, 0x00, 0x00, 0x3C, 0x3B, 0x3C, 0x04, 
0x68, 0x66, 0x68, 0x0C, 0x84, 0x81, 0x84, 0x14, 0x99, 0x97, 0x99, 0x1C, 
0xA4, 0xA2, 0xA4, 0x34, 0xA7, 0xA4, 0xA7, 0x5D, 0xA9, 0xA6, 0xA9, 0x86, 
0xAC, 0xA9, 0xAC, 0xB0, 0xAD, 0xAA, 0xAD, 0xCB, 0xAD, 0xAA, 0xAD, 0xD9, 
0xAD, 0xAA, 0xAD, 0xE6, 0xAD, 0xAA, 0xAD, 0xF4, 0xAD, 0xAA, 0xAD, 0xFB, 
0xAC, 0xAA, 0xAC, 0xFC, 0xAB, 0xAA, 0xAB, 0xFD, 0xAB, 0xAA, 0xAB, 0xFE, 
0xAA, 0xAA, 0xAA, 0xFF, 0xAA, 0xAA, 0xAA, 0xFF, 0xAA, 0xAA, 0xAA, 0xFF, 
0xAA, 0xAA, 0xAA, 0xFF, 0xAA, 0xAA, 0xAA, 0xFF, 0xAA, 0xAA, 0xAA, 0xFF, 
0xAA, 0xAA, 0xAA, 0xFF, 0xAA, 0xAA, 0xAA, 0xFF, 0xAA, 0xAA, 0xAA, 0xFF, 
0xAA, 0xAA, 0xAA, 0xFF, 0xAA, 0xAA, 0xAA, 0xFF, 0xAA, 0xAA, 0xAA, 0xFF, 
0xA9, 0xAA, 0xA9, 0xF9, 0xA8, 0xA8, 0xA8, 0xEE, 0xA7, 0xA8, 0xA7, 0xE3, 
0xA6, 0xA6, 0xA6, 0xD8, 0xA5, 0xA6, 0xA5, 0xBB, 0xA5, 0xA6, 0xA5, 0x8D, 
0xA5, 0xA6, 0xA5, 0x5F, 0xA5, 0xA6, 0xA5, 0x31, 0x9D, 0x9D, 0x9D, 0x17, 
0x8A, 0x8B, 0x8A, 0x10, 0x73, 0x73, 0x73, 0x0A, 0x54, 0x54, 0x54, 0x03, 
0x39, 0x3A, 0x39, 0x00, 0x30, 0x30, 0x30, 0x00, 0x24, 0x24, 0x24, 0x00, 
0x12, 0x12, 0x12, 0x00, 0x00, 0x00, 0x00, 0x00, 0x00, 0x00, 0x00, 0x00, 
0x00, 0x00, 0x00, 0x00, 0x00, 0x00, 0x00, 0x00, 0x00, 0x00, 0x00, 0x00, 
0x00, 0x00, 0x00, 0x00, 0x00, 0x00, 0x00, 0x00, 0x00, 0x00, 0x00, 0x00, 
0x00, 0x00, 0x00, 0x00, 0x00, 0x00, 0x00, 0x00, 0x00, 0x00, 0x00, 0x00, 
0x00, 0x00, 0x00, 0x00, 0x00, 0x00, 0x00, 0x00, 0x00, 0x00, 0x00, 0x00, 
0x00, 0x00, 0x00, 0x00, 0x00, 0x00, 0x00, 0x00, 0x00, 0x00, 0x00, 0x00, 
0x00, 0x00, 0x00, 0x00, 0x00, 0x00, 0x00, 0x00, 0x00, 0x00, 0x00, 0x00, 
0x33, 0x32, 0x33, 0x03, 0x58, 0x57, 0x58, 0x08, 0x70, 0x6F, 0x70, 0x0E, 
0x84, 0x81, 0x84, 0x14, 0x90, 0x8E, 0x90, 0x26, 0x99, 0x97, 0x99, 0x46, 
0xA2, 0x9F, 0xA2, 0x66, 0xA9, 0xA6, 0xA9, 0x86, 0xAD, 0xAA, 0xAD, 0xA2, 
0xAD, 0xAA, 0xAD, 0xB9, 0xAD, 0xAA, 0xAD, 0xCF, 0xAD, 0xAA, 0xAD, 0xE6, 
0xAD, 0xAA, 0xAD, 0xF3, 0xAC, 0xAA, 0xAC, 0xF7, 0xAB, 0xAA, 0xAB, 0xFA, 
0xAB, 0xAA, 0xAB, 0xFD, 0xAA, 0xAA, 0xAA, 0xFF, 0xAA, 0xAA, 0xAA, 0xFF, 
0xAA, 0xAA, 0xAA, 0xFF, 0xAA, 0xAA, 0xAA, 0xFF, 0xAA, 0xAA, 0xAA, 0xFF, 
0xAA, 0xAA, 0xAA, 0xFF, 0xAA, 0xAA, 0xAA, 0xFF, 0xAA, 0xAA, 0xAA, 0xFF, 
0xAA, 0xAA, 0xAA, 0xFF, 0xAA, 0xAA, 0xAA, 0xFF, 0xAA, 0xAA, 0xAA, 0xFF, 
0xAA, 0xAA, 0xAA, 0xFF, 0xA9, 0xAA, 0xA9, 0xF9, 0xA8, 0xA8, 0xA8, 0xEB, 
0xA7, 0xA8, 0xA7, 0xDE, 0xA6, 0xA6, 0xA6, 0xD1, 0xA5, 0xA6, 0xA5, 0xB4, 
0xA5, 0xA6, 0xA5, 0x86, 0xA5, 0xA6, 0xA5, 0x58, 0xA5, 0xA6, 0xA5, 0x2A, 
0x9F, 0xA0, 0x9F, 0x10, 0x92, 0x93, 0x92, 0x0C, 0x84, 0x84, 0x84, 0x07, 
0x73, 0x73, 0x73, 0x02, 0x63, 0x63, 0x63, 0x00, 0x54, 0x54, 0x54, 0x00, 
0x41, 0x41, 0x41, 0x00, 0x24, 0x24, 0x24, 0x00, 0x00, 0x00, 0x00, 0x00, 
0x00, 0x00, 0x00, 0x00, 0x00, 0x00, 0x00, 0x00, 0x00, 0x00, 0x00, 0x00, 
0x00, 0x00, 0x00, 0x00, 0x00, 0x00, 0x00, 0x00, 0x00, 0x00, 0x00, 0x00, 
0x00, 0x00, 0x00, 0x00, 0x00, 0x00, 0x00, 0x00, 0x00, 0x00, 0x00, 0x00, 
0x00, 0x00, 0x00, 0x00, 0x00, 0x00, 0x00, 0x00, 0x00, 0x00, 0x00, 0x00, 
0x00, 0x00, 0x00, 0x00, 0x00, 0x00, 0x00, 0x00, 0x00, 0x00, 0x00, 0x00, 
0x00, 0x00, 0x00, 0x00, 0x00, 0x00, 0x00, 0x00, 0x00, 0x00, 0x00, 0x00, 
0x00, 0x00, 0x00, 0x00, 0x26, 0x25, 0x26, 0x02, 0x45, 0x43, 0x45, 0x05, 
0x58, 0x57, 0x58, 0x08, 0x68, 0x66, 0x68, 0x0C, 0x79, 0x76, 0x79, 0x19, 
0x8A, 0x88, 0x8A, 0x30, 0x99, 0x97, 0x99, 0x46, 0xA7, 0xA4, 0xA7, 0x5D, 
0xAD, 0xAA, 0xAD, 0x79, 0xAD, 0xAA, 0xAD, 0x99, 0xAD, 0xAA, 0xAD, 0xB9, 
0xAD, 0xAA, 0xAD, 0xD9, 0xAD, 0xAA, 0xAD, 0xEB, 0xAC, 0xAA, 0xAC, 0xF1, 
0xAB, 0xAA, 0xAB, 0xF7, 0xAB, 0xAA, 0xAB, 0xFC, 0xAA, 0xAA, 0xAA, 0xFF, 
0xAA, 0xAA, 0xAA, 0xFF, 0xAA, 0xAA, 0xAA, 0xFF, 0xAA, 0xAA, 0xAA, 0xFF, 
0xAA, 0xAA, 0xAA, 0xFF, 0xAA, 0xAA, 0xAA, 0xFF, 0xAA, 0xAA, 0xAA, 0xFF, 
0xAA, 0xAA, 0xAA, 0xFF, 0xAA, 0xAA, 0xAA, 0xFF, 0xAA, 0xAA, 0xAA, 0xFF, 
0xAA, 0xAA, 0xAA, 0xFF, 0xAA, 0xAA, 0xAA, 0xFF, 0xA9, 0xAA, 0xA9, 0xF8, 
0xA8, 0xA8, 0xA8, 0xE9, 0xA7, 0xA8, 0xA7, 0xDA, 0xA6, 0xA6, 0xA6, 0xCB, 
0xA5, 0xA6, 0xA5, 0xAC, 0xA5, 0xA6, 0xA5, 0x7E, 0xA5, 0xA6, 0xA5, 0x50, 
0xA5, 0xA6, 0xA5, 0x22, 0xA2, 0xA2, 0xA2, 0x0A, 0x9A, 0x9B, 0x9A, 0x07, 
0x92, 0x93, 0x92, 0x04, 0x8A, 0x8B, 0x8A, 0x01, 0x7D, 0x7E, 0x7D, 0x00, 
0x6B, 0x6C, 0x6B, 0x00, 0x54, 0x54, 0x54, 0x00, 0x30, 0x30, 0x30, 0x00, 
0x00, 0x00, 0x00, 0x00, 0x00, 0x00, 0x00, 0x00, 0x00, 0x00, 0x00, 0x00, 
0x00, 0x00, 0x00, 0x00, 0x00, 0x00, 0x00, 0x00, 0x00, 0x00, 0x00, 0x00, 
0x00, 0x00, 0x00, 0x00, 0x00, 0x00, 0x00, 0x00, 0x00, 0x00, 0x00, 0x00, 
0x00, 0x00, 0x00, 0x00, 0x00, 0x00, 0x00, 0x00, 0x00, 0x00, 0x00, 0x00, 
0x00, 0x00, 0x00, 0x00, 0x00, 0x00, 0x00, 0x00, 0x00, 0x00, 0x00, 0x00, 
0x00, 0x00, 0x00, 0x00, 0x00, 0x00, 0x00, 0x00, 0x00, 0x00, 0x00, 0x00, 
0x00, 0x00, 0x00, 0x00, 0x00, 0x00, 0x00, 0x00, 0x13, 0x13, 0x13, 0x01, 
0x26, 0x25, 0x26, 0x02, 0x33, 0x32, 0x33, 0x03, 0x3C, 0x3B, 0x3C, 0x04, 
0x58, 0x57, 0x58, 0x0B, 0x79, 0x76, 0x79, 0x19, 0x90, 0x8E, 0x90, 0x26, 
0xA4, 0xA2, 0xA4, 0x34, 0xAD, 0xAA, 0xAD, 0x4F, 0xAD, 0xAA, 0xAD, 0x79, 
0xAD, 0xAA, 0xAD, 0xA2, 0xAD, 0xAA, 0xAD, 0xCB, 0xAD, 0xAA, 0xAD, 0xE3, 
0xAC, 0xAA, 0xAC, 0xEB, 0xAB, 0xAA, 0xAB, 0xF3, 0xAB, 0xAA, 0xAB, 0xFB, 
0xAA, 0xAA, 0xAA, 0xFF, 0xAA, 0xAA, 0xAA, 0xFF, 0xAA, 0xAA, 0xAA, 0xFF, 
0xAA, 0xAA, 0xAA, 0xFF, 0xAA, 0xAA, 0xAA, 0xFF, 0xAA, 0xAA, 0xAA, 0xFF, 
0xAA, 0xAA, 0xAA, 0xFF, 0xAA, 0xAA, 0xAA, 0xFF, 0xAA, 0xAA, 0xAA, 0xFF, 
0xAA, 0xAA, 0xAA, 0xFF, 0xAA, 0xAA, 0xAA, 0xFF, 0xAA, 0xAA, 0xAA, 0xFF, 
0xA9, 0xAA, 0xA9, 0xF7, 0xA8, 0xA8, 0xA8, 0xE6, 0xA7, 0xA8, 0xA7, 0xD5, 
0xA6, 0xA6, 0xA6, 0xC4, 0xA5, 0xA6, 0xA5, 0xA5, 0xA5, 0xA6, 0xA5, 0x77, 
0xA5, 0xA6, 0xA5, 0x49, 0xA5, 0xA6, 0xA5, 0x1B, 0xA4, 0xA5, 0xA4, 0x03, 
0xA2, 0xA2, 0xA2, 0x02, 0x9F, 0xA0, 0x9F, 0x01, 0x9D, 0x9D, 0x9D, 0x00, 
0x92, 0x93, 0x92, 0x00, 0x7D, 0x7E, 0x7D, 0x00, 0x63, 0x63, 0x63, 0x00, 
0x39, 0x3A, 0x39, 0x00, 0x00, 0x00, 0x00, 0x00, 0x00, 0x00, 0x00, 0x00, 
0x24, 0x24, 0x24, 0x01, 0x12, 0x12, 0x12, 0x00, 0x00, 0x00, 0x00, 0x00, 
0x00, 0x00, 0x00, 0x00, 0x00, 0x00, 0x00, 0x00, 0x00, 0x00, 0x00, 0x00, 
0x00, 0x00, 0x00, 0x00, 0x00, 0x00, 0x00, 0x00, 0x00, 0x00, 0x00, 0x00, 
0x00, 0x00, 0x00, 0x00, 0x00, 0x00, 0x00, 0x00, 0x00, 0x00, 0x00, 0x00, 
0x00, 0x00, 0x00, 0x00, 0x00, 0x00, 0x00, 0x00, 0x00, 0x00, 0x00, 0x00, 
0x00, 0x00, 0x00, 0x00, 0x00, 0x00, 0x00, 0x00, 0x00, 0x00, 0x00, 0x00, 
0x00, 0x00, 0x00, 0x00, 0x00, 0x00, 0x00, 0x00, 0x00, 0x00, 0x00, 0x00, 
0x00, 0x00, 0x00, 0x00, 0x3C, 0x3B, 0x3C, 0x04, 0x68, 0x66, 0x68, 0x0C, 
0x84, 0x81, 0x84, 0x14, 0x99, 0x97, 0x99, 0x1C, 0xA4, 0xA2, 0xA4, 0x34, 
0xA7, 0xA4, 0xA7, 0x5D, 0xA9, 0xA6, 0xA9, 0x86, 0xAC, 0xA9, 0xAC, 0xB0, 
0xAD, 0xAA, 0xAD, 0xCB, 0xAC, 0xAA, 0xAC, 0xD8, 0xAB, 0xAA, 0xAB, 0xE5, 
0xAB, 0xAA, 0xAB, 0xF3, 0xAA, 0xAA, 0xAA, 0xFA, 0xAA, 0xAA, 0xAA, 0xFB, 
0xAA, 0xAA, 0xAA, 0xFD, 0xAA, 0xAA, 0xAA, 0xFE, 0xAA, 0xAA, 0xAA, 0xFF, 
0xAA, 0xAA, 0xAA, 0xFF, 0xAA, 0xAA, 0xAA, 0xFF, 0xAA, 0xAA, 0xAA, 0xFF, 
0xAA, 0xAA, 0xAA, 0xFE, 0xAA, 0xAA, 0xAA, 0xFB, 0xAA, 0xAA, 0xAA, 0xF9, 
0xAA, 0xAA, 0xAA, 0xF6, 0xA9, 0xAA, 0xA9, 0xEA, 0xA8, 0xA8, 0xA8, 0xD5, 
0xA7, 0xA8, 0xA7, 0xC0, 0xA6, 0xA6, 0xA6, 0xAB, 0xA5, 0xA6, 0xA5, 0x8E, 
0xA5, 0xA6, 0xA5, 0x69, 0xA5, 0xA6, 0xA5, 0x44, 0xA5, 0xA6, 0xA5, 0x1E, 
0xA5, 0xA6, 0xA5, 0x0E, 0xA5, 0xA6, 0xA5, 0x11, 0xA5, 0xA6, 0xA5, 0x15, 
0xA5, 0xA6, 0xA5, 0x19, 0x9D, 0x9D, 0x9D, 0x18, 0x8A, 0x8B, 0x8A, 0x12, 
0x73, 0x73, 0x73, 0x0C, 0x54, 0x54, 0x54, 0x07, 0x39, 0x3A, 0x39, 0x03, 
0x30, 0x30, 0x30, 0x02, 0x41, 0x41, 0x41, 0x04, 0x24, 0x24, 0x24, 0x01, 
0x00, 0x00, 0x00, 0x00, 0x00, 0x00, 0x00, 0x00, 0x00, 0x00, 0x00, 0x00, 
0x00, 0x00, 0x00, 0x00, 0x00, 0x00, 0x00, 0x00, 0x00, 0x00, 0x00, 0x00, 
0x00, 0x00, 0x00, 0x00, 0x00, 0x00, 0x00, 0x00, 0x00, 0x00, 0x00, 0x00, 
0x00, 0x00, 0x00, 0x00, 0x00, 0x00, 0x00, 0x00, 0x00, 0x00, 0x00, 0x00, 
0x00, 0x00, 0x00, 0x00, 0x00, 0x00, 0x00, 0x00, 0x00, 0x00, 0x00, 0x00, 
0x00, 0x00, 0x00, 0x00, 0x00, 0x00, 0x00, 0x00, 0x00, 0x00, 0x00, 0x00, 
0x00, 0x00, 0x00, 0x00, 0x00, 0x00, 0x00, 0x00, 0x33, 0x32, 0x33, 0x03, 
0x58, 0x57, 0x58, 0x08, 0x70, 0x6F, 0x70, 0x0E, 0x84, 0x81, 0x84, 0x14, 
0x90, 0x8E, 0x90, 0x26, 0x99, 0x97, 0x99, 0x46, 0xA2, 0x9F, 0xA2, 0x66, 
0xA9, 0xA6, 0xA9, 0x86, 0xAD, 0xAA, 0xAD, 0xA1, 0xAC, 0xAA, 0xAC, 0xB7, 
0xAB, 0xAA, 0xAB, 0xCD, 0xAB, 0xAA, 0xAB, 0xE3, 0xAA, 0xAA, 0xAA, 0xF0, 
0xAA, 0xAA, 0xAA, 0xF4, 0xAA, 0xAA, 0xAA, 0xF9, 0xAA, 0xAA, 0xAA, 0xFD, 
0xAA, 0xAA, 0xAA, 0xFF, 0xAA, 0xAA, 0xAA, 0xFF, 0xAA, 0xAA, 0xAA, 0xFF, 
0xAA, 0xAA, 0xAA, 0xFF, 0xAA, 0xAA, 0xAA, 0xFB, 0xAA, 0xAA, 0xAA, 0xF3, 
0xAA, 0xAA, 0xAA, 0xEC, 0xAA, 0xAA, 0xAA, 0xE4, 0xA9, 0xAA, 0xA9, 0xD3, 
0xA8, 0xA8, 0xA8, 0xB7, 0xA7, 0xA8, 0xA7, 0x9C, 0xA6, 0xA6, 0xA6, 0x81, 
0xA5, 0xA6, 0xA5, 0x69, 0xA5, 0xA6, 0xA5, 0x55, 0xA5, 0xA6, 0xA5, 0x41, 
0xA5, 0xA6, 0xA5, 0x2D, 0xA5, 0xA6, 0xA5, 0x29, 0xA5, 0xA6, 0xA5, 0x34, 
0xA5, 0xA6, 0xA5, 0x3F, 0xA5, 0xA6, 0xA5, 0x4B, 0x9F, 0xA0, 0x9F, 0x48, 
0x92, 0x93, 0x92, 0x36, 0x84, 0x84, 0x84, 0x25, 0x73, 0x73, 0x73, 0x14, 
0x63, 0x63, 0x63, 0x0A, 0x54, 0x54, 0x54, 0x07, 0x54, 0x54, 0x54, 0x07, 
0x30, 0x30, 0x30, 0x02, 0x00, 0x00, 0x00, 0x00, 0x00, 0x00, 0x00, 0x00, 
0x00, 0x00, 0x00, 0x00, 0x00, 0x00, 0x00, 0x00, 0x00, 0x00, 0x00, 0x00, 
0x00, 0x00, 0x00, 0x00, 0x00, 0x00, 0x00, 0x00, 0x00, 0x00, 0x00, 0x00, 
0x00, 0x00, 0x00, 0x00, 0x00, 0x00, 0x00, 0x00, 0x00, 0x00, 0x00, 0x00, 
0x00, 0x00, 0x00, 0x00, 0x00, 0x00, 0x00, 0x00, 0x00, 0x00, 0x00, 0x00, 
0x00, 0x00, 0x00, 0x00, 0x00, 0x00, 0x00, 0x00, 0x00, 0x00, 0x00, 0x00, 
0x00, 0x00, 0x00, 0x00, 0x00, 0x00, 0x00, 0x00, 0x00, 0x00, 0x00, 0x00, 
0x26, 0x25, 0x26, 0x02, 0x45, 0x43, 0x45, 0x05, 0x58, 0x57, 0x58, 0x08, 
0x68, 0x66, 0x68, 0x0C, 0x79, 0x76, 0x79, 0x19, 0x8A, 0x88, 0x8A, 0x30, 
0x99, 0x97, 0x99, 0x46, 0xA7, 0xA4, 0xA7, 0x5D, 0xAD, 0xAA, 0xAD, 0x78, 
0xAC, 0xAA, 0xAC, 0x96, 0xAB, 0xAA, 0xAB, 0xB5, 0xAB, 0xAA, 0xAB, 0xD3, 
0xAA, 0xAA, 0xAA, 0xE6, 0xAA, 0xAA, 0xAA, 0xED, 0xAA, 0xAA, 0xAA, 0xF4, 
0xAA, 0xAA, 0xAA, 0xFB, 0xAA, 0xAA, 0xAA, 0xFF, 0xAA, 0xAA, 0xAA, 0xFF, 
0xAA, 0xAA, 0xAA, 0xFF, 0xAA, 0xAA, 0xAA, 0xFF, 0xAA, 0xAA, 0xAA, 0xF9, 
0xAA, 0xAA, 0xAA, 0xEC, 0xAA, 0xAA, 0xAA, 0xDF, 0xAA, 0xAA, 0xAA, 0xD2, 
0xA9, 0xAA, 0xA9, 0xBB, 0xA8, 0xA8, 0xA8, 0x99, 0xA7, 0xA8, 0xA7, 0x78, 
0xA6, 0xA6, 0xA6, 0x56, 0xA5, 0xA6, 0xA5, 0x44, 0xA5, 0xA6, 0xA5, 0x41, 
0xA5, 0xA6, 0xA5, 0x3E, 0xA5, 0xA6, 0xA5, 0x3B, 0xA5, 0xA6, 0xA5, 0x44, 
0xA5, 0xA6, 0xA5, 0x56, 0xA5, 0xA6, 0xA5, 0x69, 0xA5, 0xA6, 0xA5, 0x7C, 
0xA2, 0xA2, 0xA2, 0x77, 0x9A, 0x9B, 0x9A, 0x5B, 0x92, 0x93, 0x92, 0x3E, 
0x8A, 0x8B, 0x8A, 0x21, 0x7D, 0x7E, 0x7D, 0x10, 0x6B, 0x6C, 0x6B, 0x0C, 
0x63, 0x63, 0x63, 0x0A, 0x39, 0x3A, 0x39, 0x03, 0x00, 0x00, 0x00, 0x00, 
0x00, 0x00, 0x00, 0x00, 0x00, 0x00, 0x00, 0x00, 0x00, 0x00, 0x00, 0x00, 
0x00, 0x00, 0x00, 0x00, 0x00, 0x00, 0x00, 0x00, 0x00, 0x00, 0x00, 0x00, 
0x00, 0x00, 0x00, 0x00, 0x00, 0x00, 0x00, 0x00, 0x00, 0x00, 0x00, 0x00, 
0x00, 0x00, 0x00, 0x00, 0x00, 0x00, 0x00, 0x00, 0x00, 0x00, 0x00, 0x00, 
0x00, 0x00, 0x00, 0x00, 0x00, 0x00, 0x00, 0x00, 0x00, 0x00, 0x00, 0x00, 
0x00, 0x00, 0x00, 0x00, 0x00, 0x00, 0x00, 0x00, 0x00, 0x00, 0x00, 0x00, 
0x00, 0x00, 0x00, 0x00, 0x13, 0x13, 0x13, 0x01, 0x26, 0x25, 0x26, 0x02, 
0x33, 0x32, 0x33, 0x03, 0x3C, 0x3B, 0x3C, 0x04, 0x58, 0x57, 0x58, 0x0B, 
0x79, 0x76, 0x79, 0x19, 0x90, 0x8E, 0x90, 0x26, 0xA4, 0xA2, 0xA4, 0x34, 
0xAD, 0xAA, 0xAD, 0x4E, 0xAC, 0xAA, 0xAC, 0x75, 0xAB, 0xAA, 0xAB, 0x9C, 
0xAB, 0xAA, 0xAB, 0xC3, 0xAA, 0xAA, 0xAA, 0xDC, 0xAA, 0xAA, 0xAA, 0xE6, 
0xAA, 0xAA, 0xAA, 0xF0, 0xAA, 0xAA, 0xAA, 0xFA, 0xAA, 0xAA, 0xAA, 0xFF, 
0xAA, 0xAA, 0xAA, 0xFF, 0xAA, 0xAA, 0xAA, 0xFF, 0xAA, 0xAA, 0xAA, 0xFF, 
0xAA, 0xAA, 0xAA, 0xF6, 0xAA, 0xAA, 0xAA, 0xE4, 0xAA, 0xAA, 0xAA, 0xD2, 
0xAA, 0xAA, 0xAA, 0xC0, 0xA9, 0xAA, 0xA9, 0xA3, 0xA8, 0xA8, 0xA8, 0x7B, 
0xA7, 0xA8, 0xA7, 0x53, 0xA6, 0xA6, 0xA6, 0x2B, 0xA5, 0xA6, 0xA5, 0x1E, 
0xA5, 0xA6, 0xA5, 0x2D, 0xA5, 0xA6, 0xA5, 0x3B, 0xA5, 0xA6, 0xA5, 0x4A, 
0xA5, 0xA6, 0xA5, 0x5F, 0xA5, 0xA6, 0xA5, 0x79, 0xA5, 0xA6, 0xA5, 0x94, 
0xA5, 0xA6, 0xA5, 0xAE, 0xA4, 0xA5, 0xA4, 0xA7, 0xA2, 0xA2, 0xA2, 0x7F, 
0x9F, 0xA0, 0x9F, 0x57, 0x9D, 0x9D, 0x9D, 0x2E, 0x92, 0x93, 0x92, 0x17, 
0x7D, 0x7E, 0x7D, 0x10, 0x6A, 0x6A, 0x6A, 0x12, 0x3E, 0x3E, 0x3E, 0x06, 
0x00, 0x00, 0x00, 0x00, 0x00, 0x00, 0x00, 0x00, 0x00, 0x00, 0x00, 0x00, 
0x00, 0x00, 0x00, 0x00, 0x00, 0x00, 0x00, 0x00, 0x00, 0x00, 0x00, 0x00, 
0x00, 0x00, 0x00, 0x00, 0x00, 0x00, 0x00, 0x00, 0x00, 0x00, 0x00, 0x00, 
0x00, 0x00, 0x00, 0x00, 0x00, 0x00, 0x00, 0x00, 0x00, 0x00, 0x00, 0x00, 
0x00, 0x00, 0x00, 0x00, 0x00, 0x00, 0x00, 0x00, 0x00, 0x00, 0x00, 0x00, 
0x00, 0x00, 0x00, 0x00, 0x00, 0x00, 0x00, 0x00, 0x00, 0x00, 0x00, 0x00, 
0x00, 0x00, 0x00, 0x00, 0x00, 0x00, 0x00, 0x00, 0x00, 0x00, 0x00, 0x00, 
0x00, 0x00, 0x00, 0x00, 0x00, 0x00, 0x00, 0x00, 0x00, 0x00, 0x00, 0x00, 
0x3C, 0x3B, 0x3C, 0x04, 0x68, 0x66, 0x68, 0x0C, 0x84, 0x81, 0x84, 0x14, 
0x99, 0x97, 0x99, 0x1C, 0xA4, 0xA1, 0xA4, 0x33, 0xA5, 0xA4, 0xA5, 0x5A, 
0xA7, 0xA6, 0xA7, 0x80, 0xA9, 0xA8, 0xA9, 0xA7, 0xA9, 0xAA, 0xA9, 0xC2, 
0xA9, 0xAA, 0xA9, 0xD2, 0xA9, 0xAA, 0xA9, 0xE2, 0xA9, 0xAA, 0xA9, 0xF2, 
0xA9, 0xAA, 0xA9, 0xF9, 0xA9, 0xAA, 0xA9, 0xF9, 0xA9, 0xAA, 0xA9, 0xF8, 
0xA9, 0xAA, 0xA9, 0xF7, 0xA9, 0xAA, 0xA9, 0xEA, 0xA9, 0xAA, 0xA9, 0xD3, 
0xA9, 0xAA, 0xA9, 0xBB, 0xA9, 0xAA, 0xA9, 0xA3, 0xA9, 0xA9, 0xA9, 0x86, 
0xA8, 0xA8, 0xA8, 0x62, 0xA7, 0xA8, 0xA7, 0x3E, 0xA7, 0xA7, 0xA7, 0x1B, 
0xA6, 0xA6, 0xA6, 0x16, 0xA6, 0xA6, 0xA6, 0x30, 0xA6, 0xA6, 0xA6, 0x4A, 
0xA6, 0xA6, 0xA6, 0x64, 0xA6, 0xA6, 0xA6, 0x7E, 0xA6, 0xA6, 0xA6, 0x99, 
0xA6, 0xA6, 0xA6, 0xB3, 0xA6, 0xA6, 0xA6, 0xCE, 0xA6, 0xA6, 0xA6, 0xC6, 
0xA6, 0xA6, 0xA6, 0x9B, 0xA6, 0xA6, 0xA6, 0x71, 0xA6, 0xA6, 0xA6, 0x46, 
0x9C, 0x9D, 0x9C, 0x2B, 0x86, 0x86, 0x86, 0x1F, 0x6B, 0x6B, 0x6B, 0x21, 
0x3F, 0x3E, 0x3F, 0x0B, 0x00, 0x00, 0x00, 0x00, 0x00, 0x00, 0x00, 0x00, 
0x00, 0x00, 0x00, 0x00, 0x00, 0x00, 0x00, 0x00, 0x00, 0x00, 0x00, 0x00, 
0x00, 0x00, 0x00, 0x00, 0x00, 0x00, 0x00, 0x00, 0x00, 0x00, 0x00, 0x00, 
0x00, 0x00, 0x00, 0x00, 0x00, 0x00, 0x00, 0x00, 0x00, 0x00, 0x00, 0x00, 
0x00, 0x00, 0x00, 0x00, 0x00, 0x00, 0x00, 0x00, 0x00, 0x00, 0x00, 0x00, 
0x00, 0x00, 0x00, 0x00, 0x00, 0x00, 0x00, 0x00, 0x00, 0x00, 0x00, 0x00, 
0x00, 0x00, 0x00, 0x00, 0x00, 0x00, 0x00, 0x00, 0x00, 0x00, 0x00, 0x00, 
0x00, 0x00, 0x00, 0x00, 0x00, 0x00, 0x00, 0x00, 0x00, 0x00, 0x00, 0x00, 
0x00, 0x00, 0x00, 0x00, 0x33, 0x32, 0x33, 0x03, 0x58, 0x57, 0x58, 0x08, 
0x70, 0x6F, 0x70, 0x0E, 0x84, 0x81, 0x84, 0x14, 0x90, 0x8E, 0x90, 0x25, 
0x97, 0x96, 0x97, 0x43, 0x9E, 0x9E, 0x9E, 0x61, 0xA5, 0xA5, 0xA5, 0x7F, 
0xA8, 0xA8, 0xA8, 0x9A, 0xA8, 0xA8, 0xA8, 0xB3, 0xA8, 0xA8, 0xA8, 0xCB, 
0xA8, 0xA8, 0xA8, 0xE3, 0xA8, 0xA8, 0xA8, 0xEE, 0xA8, 0xA8, 0xA8, 0xEB, 
0xA8, 0xA8, 0xA8, 0xE9, 0xA8, 0xA8, 0xA8, 0xE6, 0xA8, 0xA8, 0xA8, 0xD5, 
0xA8, 0xA8, 0xA8, 0xB7, 0xA8, 0xA8, 0xA8, 0x99, 0xA8, 0xA8, 0xA8, 0x7B, 
0xA8, 0xA8, 0xA8, 0x62, 0xA8, 0xA8, 0xA8, 0x4E, 0xA8, 0xA8, 0xA8, 0x39, 
0xA8, 0xA8, 0xA8, 0x25, 0xA8, 0xA8, 0xA8, 0x2B, 0xA8, 0xA8, 0xA8, 0x4B, 
0xA8, 0xA8, 0xA8, 0x6A, 0xA8, 0xA8, 0xA8, 0x8A, 0xA8, 0xA8, 0xA8, 0xA3, 
0xA8, 0xA8, 0xA8, 0xB6, 0xA8, 0xA8, 0xA8, 0xC9, 0xA8, 0xA8, 0xA8, 0xDC, 
0xA8, 0xA8, 0xA8, 0xD4, 0xA8, 0xA8, 0xA8, 0xB0, 0xA8, 0xA8, 0xA8, 0x8D, 
0xA8, 0xA8, 0xA8, 0x69, 0x9E, 0x9E, 0x9E, 0x4C, 0x88, 0x87, 0x88, 0x37, 
0x6C, 0x6B, 0x6C, 0x2F, 0x3F, 0x3F, 0x3F, 0x10, 0x00, 0x00, 0x00, 0x00, 
0x00, 0x00, 0x00, 0x00, 0x00, 0x00, 0x00, 0x00, 0x00, 0x00, 0x00, 0x00, 
0x00, 0x00, 0x00, 0x00, 0x00, 0x00, 0x00, 0x00, 0x00, 0x00, 0x00, 0x00, 
0x00, 0x00, 0x00, 0x00, 0x00, 0x00, 0x00, 0x00, 0x00, 0x00, 0x00, 0x00, 
0x00, 0x00, 0x00, 0x00, 0x00, 0x00, 0x00, 0x00, 0x00, 0x00, 0x00, 0x00, 
0x00, 0x00, 0x00, 0x00, 0x00, 0x00, 0x00, 0x00, 0x00, 0x00, 0x00, 0x00, 
0x00, 0x00, 0x00, 0x00, 0x00, 0x00, 0x00, 0x00, 0x00, 0x00, 0x00, 0x00, 
0x00, 0x00, 0x00, 0x00, 0x00, 0x00, 0x00, 0x00, 0x00, 0x00, 0x00, 0x00, 
0x00, 0x00, 0x00, 0x00, 0x00, 0x00, 0x00, 0x00, 0x26, 0x25, 0x26, 0x02, 
0x45, 0x43, 0x45, 0x05, 0x58, 0x57, 0x58, 0x08, 0x68, 0x66, 0x68, 0x0C, 
0x77, 0x76, 0x77, 0x18, 0x87, 0x86, 0x87, 0x2D, 0x95, 0x95, 0x95, 0x42, 
0xA1, 0xA2, 0xA1, 0x57, 0xA7, 0xA8, 0xA7, 0x72, 0xA7, 0xA8, 0xA7, 0x93, 
0xA7, 0xA8, 0xA7, 0xB4, 0xA7, 0xA8, 0xA7, 0xD5, 0xA7, 0xA8, 0xA7, 0xE3, 
0xA7, 0xA8, 0xA7, 0xDE, 0xA7, 0xA8, 0xA7, 0xDA, 0xA7, 0xA8, 0xA7, 0xD5, 
0xA7, 0xA8, 0xA7, 0xC0, 0xA7, 0xA8, 0xA7, 0x9C, 0xA7, 0xA8, 0xA7, 0x78, 
0xA7, 0xA8, 0xA7, 0x53, 0xA7, 0xA8, 0xA7, 0x3E, 0xA8, 0xA8, 0xA8, 0x39, 
0xA9, 0xA8, 0xA9, 0x34, 0xAA, 0xA8, 0xAA, 0x2F, 0xAA, 0xA8, 0xAA, 0x40, 
0xAA, 0xA8, 0xAA, 0x65, 0xAA, 0xA8, 0xAA, 0x8A, 0xAA, 0xA8, 0xAA, 0xB0, 
0xAA, 0xA8, 0xAA, 0xC8, 0xAA, 0xA8, 0xAA, 0xD3, 0xAA, 0xA8, 0xAA, 0xDF, 
0xAA, 0xA8, 0xAA, 0xEA, 0xAA, 0xA8, 0xAA, 0xE1, 0xAA, 0xA8, 0xAA, 0xC5, 
0xAA, 0xA8, 0xAA, 0xA8, 0xAA, 0xA8, 0xAA, 0x8C, 0xA0, 0x9F, 0xA0, 0x6E, 
0x89, 0x88, 0x89, 0x4F, 0x6E, 0x6C, 0x6E, 0x3D, 0x40, 0x3F, 0x40, 0x14, 
0x00, 0x00, 0x00, 0x00, 0x00, 0x00, 0x00, 0x00, 0x00, 0x00, 0x00, 0x00, 
0x00, 0x00, 0x00, 0x00, 0x00, 0x00, 0x00, 0x00, 0x00, 0x00, 0x00, 0x00, 
0x00, 0x00, 0x00, 0x00, 0x00, 0x00, 0x00, 0x00, 0x00, 0x00, 0x00, 0x00, 
0x00, 0x00, 0x00, 0x00, 0x00, 0x00, 0x00, 0x00, 0x00, 0x00, 0x00, 0x00, 
0x00, 0x00, 0x00, 0x00, 0x00, 0x00, 0x00, 0x00, 0x00, 0x00, 0x00, 0x00, 
0x00, 0x00, 0x00, 0x00, 0x00, 0x00, 0x00, 0x00, 0x00, 0x00, 0x00, 0x00, 
0x00, 0x00, 0x00, 0x00, 0x00, 0x00, 0x00, 0x00, 0x00, 0x00, 0x00, 0x00, 
0x00, 0x00, 0x00, 0x00, 0x00, 0x00, 0x00, 0x00, 0x00, 0x00, 0x00, 0x00, 
0x13, 0x13, 0x13, 0x01, 0x26, 0x25, 0x26, 0x02, 0x33, 0x32, 0x33, 0x03, 
0x3C, 0x3B, 0x3C, 0x04, 0x56, 0x56, 0x56, 0x0A, 0x74, 0x74, 0x74, 0x16, 
0x8B, 0x8B, 0x8B, 0x22, 0x9D, 0x9E, 0x9D, 0x2E, 0xA6, 0xA6, 0xA6, 0x49, 
0xA6, 0xA6, 0xA6, 0x73, 0xA6, 0xA6, 0xA6, 0x9D, 0xA6, 0xA6, 0xA6, 0xC6, 
0xA6, 0xA6, 0xA6, 0xD8, 0xA6, 0xA6, 0xA6, 0xD1, 0xA6, 0xA6, 0xA6, 0xCB, 
0xA6, 0xA6, 0xA6, 0xC4, 0xA6, 0xA6, 0xA6, 0xAB, 0xA6, 0xA6, 0xA6, 0x81, 
0xA6, 0xA6, 0xA6, 0x56, 0xA6, 0xA6, 0xA6, 0x2B, 0xA7, 0xA7, 0xA7, 0x1B, 
0xA8, 0xA8, 0xA8, 0x25, 0xAA, 0xA8, 0xAA, 0x2F, 0xAB, 0xA9, 0xAB, 0x3A, 
0xAC, 0xAA, 0xAC, 0x54, 0xAC, 0xAA, 0xAC, 0x7F, 0xAC, 0xAA, 0xAC, 0xAA, 
0xAC, 0xAA, 0xAC, 0xD5, 0xAC, 0xAA, 0xAC, 0xED, 0xAC, 0xAA, 0xAC, 0xF0, 
0xAC, 0xAA, 0xAC, 0xF4, 0xAC, 0xAA, 0xAC, 0xF8, 0xAC, 0xAA, 0xAC, 0xEF, 
0xAC, 0xAA, 0xAC, 0xDA, 0xAC, 0xAA, 0xAC, 0xC4, 0xAC, 0xAA, 0xAC, 0xAF, 
0xA2, 0xA0, 0xA2, 0x8F, 0x8B, 0x89, 0x8B, 0x66, 0x6E, 0x6C, 0x6E, 0x48, 
0x41, 0x3F, 0x41, 0x18, 0x00, 0x00, 0x00, 0x00, 0x00, 0x00, 0x00, 0x00, 
0x00, 0x00, 0x00, 0x00, 0x00, 0x00, 0x00, 0x00, 0x00, 0x00, 0x00, 0x00, 
0x00, 0x00, 0x00, 0x00, 0x00, 0x00, 0x00, 0x00, 0x00, 0x00, 0x00, 0x00, 
0x00, 0x00, 0x00, 0x00, 0x00, 0x00, 0x00, 0x00, 0x00, 0x00, 0x00, 0x00, 
0x00, 0x00, 0x00, 0x00, 0x00, 0x00, 0x00, 0x00, 0x00, 0x00, 0x00, 0x00, 
0x00, 0x00, 0x00, 0x00, 0x00, 0x00, 0x00, 0x00, 0x00, 0x00, 0x00, 0x00, 
0x00, 0x00, 0x00, 0x00, 0x00, 0x00, 0x00, 0x00, 0x00, 0x00, 0x00, 0x00, 
0x00, 0x00, 0x00, 0x00, 0x00, 0x00, 0x00, 0x00, 0x00, 0x00, 0x00, 0x00, 
0x00, 0x00, 0x00, 0x00, 0x00, 0x00, 0x00, 0x00, 0x00, 0x00, 0x00, 0x00, 
0x00, 0x00, 0x00, 0x00, 0x00, 0x00, 0x00, 0x00, 0x39, 0x3A, 0x39, 0x03, 
0x63, 0x63, 0x63, 0x0A, 0x7D, 0x7E, 0x7D, 0x10, 0x92, 0x93, 0x92, 0x17, 
0x9D, 0x9D, 0x9D, 0x2F, 0x9F, 0xA0, 0x9F, 0x58, 0xA2, 0xA2, 0xA2, 0x81, 
0xA4, 0xA5, 0xA4, 0xAA, 0xA5, 0xA6, 0xA5, 0xBB, 0xA5, 0xA6, 0xA5, 0xB4, 
0xA5, 0xA6, 0xA5, 0xAC, 0xA5, 0xA6, 0xA5, 0xA5, 0xA5, 0xA6, 0xA5, 0x8E, 
0xA5, 0xA6, 0xA5, 0x69, 0xA5, 0xA6, 0xA5, 0x44, 0xA5, 0xA6, 0xA5, 0x1E, 
0xA6, 0xA6, 0xA6, 0x16, 0xA8, 0xA8, 0xA8, 0x2B, 0xAA, 0xA8, 0xAA, 0x40, 
0xAC, 0xAA, 0xAC, 0x54, 0xAD, 0xAA, 0xAD, 0x73, 0xAD, 0xAA, 0xAD, 0x9B, 
0xAD, 0xAA, 0xAD, 0xC3, 0xAD, 0xAA, 0xAD, 0xEB, 0xAD, 0xAA, 0xAD, 0xFF, 
0xAD, 0xAA, 0xAD, 0xFF, 0xAD, 0xAA, 0xAD, 0xFF, 0xAD, 0xAA, 0xAD, 0xFF, 
0xAD, 0xAA, 0xAD, 0xF7, 0xAD, 0xAA, 0xAD, 0xE7, 0xAD, 0xAA, 0xAD, 0xD8, 
0xAD, 0xAA, 0xAD, 0xC8, 0xA3, 0xA0, 0xA3, 0xA8, 0x8C, 0x89, 0x8C, 0x78, 
0x6E, 0x6C, 0x6E, 0x4F, 0x41, 0x3F, 0x41, 0x1A, 0x00, 0x00, 0x00, 0x00, 
0x00, 0x00, 0x00, 0x00, 0x00, 0x00, 0x00, 0x00, 0x00, 0x00, 0x00, 0x00, 
0x00, 0x00, 0x00, 0x00, 0x00, 0x00, 0x00, 0x00, 0x00, 0x00, 0x00, 0x00, 
0x00, 0x00, 0x00, 0x00, 0x00, 0x00, 0x00, 0x00, 0x00, 0x00, 0x00, 0x00, 
0x00, 0x00, 0x00, 0x00, 0x00, 0x00, 0x00, 0x00, 0x00, 0x00, 0x00, 0x00, 
0x00, 0x00, 0x00, 0x00, 0x00, 0x00, 0x00, 0x00, 0x00, 0x00, 0x00, 0x00, 
0x00, 0x00, 0x00, 0x00, 0x00, 0x00, 0x00, 0x00, 0x00, 0x00, 0x00, 0x00, 
0x00, 0x00, 0x00, 0x00, 0x00, 0x00, 0x00, 0x00, 0x00, 0x00, 0x00, 0x00, 
0x00, 0x00, 0x00, 0x00, 0x00, 0x00, 0x00, 0x00, 0x00, 0x00, 0x00, 0x00, 
0x00, 0x00, 0x00, 0x00, 0x00, 0x00, 0x00, 0x00, 0x00, 0x00, 0x00, 0x00, 
0x30, 0x30, 0x30, 0x02, 0x54, 0x54, 0x54, 0x07, 0x6B, 0x6C, 0x6B, 0x0C, 
0x7D, 0x7E, 0x7D, 0x10, 0x8A, 0x8B, 0x8A, 0x23, 0x92, 0x93, 0x92, 0x42, 
0x9A, 0x9B, 0x9A, 0x62, 0xA2, 0xA2, 0xA2, 0x81, 0xA5, 0xA6, 0xA5, 0x8D, 
0xA5, 0xA6, 0xA5, 0x86, 0xA5, 0xA6, 0xA5, 0x7E, 0xA5, 0xA6, 0xA5, 0x77, 
0xA5, 0xA6, 0xA5, 0x69, 0xA5, 0xA6, 0xA5, 0x55, 0xA5, 0xA6, 0xA5, 0x41, 
0xA5, 0xA6, 0xA5, 0x2D, 0xA6, 0xA6, 0xA6, 0x30, 0xA8, 0xA8, 0xA8, 0x4B, 
0xAA, 0xA8, 0xAA, 0x65, 0xAC, 0xAA, 0xAC, 0x7F, 0xAD, 0xAA, 0xAD, 0x9B, 
0xAD, 0xAA, 0xAD, 0xB8, 0xAD, 0xAA, 0xAD, 0xD4, 0xAD, 0xAA, 0xAD, 0xF1, 
0xAD, 0xAA, 0xAD, 0xFF, 0xAD, 0xAA, 0xAD, 0xFF, 0xAD, 0xAA, 0xAD, 0xFF, 
0xAD, 0xAA, 0xAD, 0xFF, 0xAD, 0xAA, 0xAD, 0xF9, 0xAD, 0xAA, 0xAD, 0xEE, 
0xAD, 0xAA, 0xAD, 0xE3, 0xAD, 0xAA, 0xAD, 0xD8, 0xA3, 0xA0, 0xA3, 0xB8, 
0x8C, 0x89, 0x8C, 0x83, 0x6E, 0x6C, 0x6E, 0x55, 0x41, 0x3F, 0x41, 0x1C, 
0x00, 0x00, 0x00, 0x00, 0x00, 0x00, 0x00, 0x00, 0x00, 0x00, 0x00, 0x00, 
0x00, 0x00, 0x00, 0x00, 0x00, 0x00, 0x00, 0x00, 0x00, 0x00, 0x00, 0x00, 
0x00, 0x00, 0x00, 0x00, 0x00, 0x00, 0x00, 0x00, 0x00, 0x00, 0x00, 0x00, 
0x00, 0x00, 0x00, 0x00, 0x00, 0x00, 0x00, 0x00, 0x00, 0x00, 0x00, 0x00, 
0x00, 0x00, 0x00, 0x00, 0x00, 0x00, 0x00, 0x00, 0x00, 0x00, 0x00, 0x00, 
0x00, 0x00, 0x00, 0x00, 0x00, 0x00, 0x00, 0x00, 0x00, 0x00, 0x00, 0x00, 
0x00, 0x00, 0x00, 0x00, 0x00, 0x00, 0x00, 0x00, 0x00, 0x00, 0x00, 0x00, 
0x00, 0x00, 0x00, 0x00, 0x00, 0x00, 0x00, 0x00, 0x00, 0x00, 0x00, 0x00, 
0x00, 0x00, 0x00, 0x00, 0x00, 0x00, 0x00, 0x00, 0x00, 0x00, 0x00, 0x00, 
0x00, 0x00, 0x00, 0x00, 0x24, 0x24, 0x24, 0x01, 0x41, 0x41, 0x41, 0x04, 
0x54, 0x54, 0x54, 0x07, 0x63, 0x63, 0x63, 0x0A, 0x73, 0x73, 0x73, 0x16, 
0x84, 0x84, 0x84, 0x2C, 0x92, 0x93, 0x92, 0x42, 0x9F, 0xA0, 0x9F, 0x58, 
0xA5, 0xA6, 0xA5, 0x5F, 0xA5, 0xA6, 0xA5, 0x58, 0xA5, 0xA6, 0xA5, 0x50, 
0xA5, 0xA6, 0xA5, 0x49, 0xA5, 0xA6, 0xA5, 0x44, 0xA5, 0xA6, 0xA5, 0x41, 
0xA5, 0xA6, 0xA5, 0x3E, 0xA5, 0xA6, 0xA5, 0x3B, 0xA6, 0xA6, 0xA6, 0x4A, 
0xA8, 0xA8, 0xA8, 0x6A, 0xAA, 0xA8, 0xAA, 0x8A, 0xAC, 0xAA, 0xAC, 0xAA, 
0xAD, 0xAA, 0xAD, 0xC3, 0xAD, 0xAA, 0xAD, 0xD4, 0xAD, 0xAA, 0xAD, 0xE5, 
0xAD, 0xAA, 0xAD, 0xF6, 0xAD, 0xAA, 0xAD, 0xFF, 0xAD, 0xAA, 0xAD, 0xFF, 
0xAD, 0xAA, 0xAD, 0xFF, 0xAD, 0xAA, 0xAD, 0xFF, 0xAD, 0xAA, 0xAD, 0xFC, 
0xAD, 0xAA, 0xAD, 0xF5, 0xAD, 0xAA, 0xAD, 0xEE, 0xAD, 0xAA, 0xAD, 0xE7, 
0xA3, 0xA0, 0xA3, 0xC7, 0x8C, 0x89, 0x8C, 0x8E, 0x6E, 0x6C, 0x6E, 0x5C, 
0x41, 0x3F, 0x41, 0x1F, 0x00, 0x00, 0x00, 0x00, 0x00, 0x00, 0x00, 0x00, 
0x00, 0x00, 0x00, 0x00, 0x00, 0x00, 0x00, 0x00, 0x00, 0x00, 0x00, 0x00, 
0x00, 0x00, 0x00, 0x00, 0x00, 0x00, 0x00, 0x00, 0x00, 0x00, 0x00, 0x00, 
0x00, 0x00, 0x00, 0x00, 0x00, 0x00, 0x00, 0x00, 0x00, 0x00, 0x00, 0x00, 
0x00, 0x00, 0x00, 0x00, 0x00, 0x00, 0x00, 0x00, 0x00, 0x00, 0x00, 0x00, 
0x00, 0x00, 0x00, 0x00, 0x00, 0x00, 0x00, 0x00, 0x00, 0x00, 0x00, 0x00, 
0x00, 0x00, 0x00, 0x00, 0x00, 0x00, 0x00, 0x00, 0x00, 0x00, 0x00, 0x00, 
0x00, 0x00, 0x00, 0x00, 0x00, 0x00, 0x00, 0x00, 0x00, 0x00, 0x00, 0x00, 
0x00, 0x00, 0x00, 0x00, 0x00, 0x00, 0x00, 0x00, 0x00, 0x00, 0x00, 0x00, 
0x00, 0x00, 0x00, 0x00, 0x00, 0x00, 0x00, 0x00, 0x12, 0x12, 0x12, 0x00, 
0x24, 0x24, 0x24, 0x01, 0x30, 0x30, 0x30, 0x02, 0x39, 0x3A, 0x39, 0x03, 
0x54, 0x54, 0x54, 0x0A, 0x73, 0x73, 0x73, 0x16, 0x8A, 0x8B, 0x8A, 0x23, 
0x9D, 0x9D, 0x9D, 0x2F, 0xA5, 0xA6, 0xA5, 0x31, 0xA5, 0xA6, 0xA5, 0x2A, 
0xA5, 0xA6, 0xA5, 0x22, 0xA5, 0xA6, 0xA5, 0x1B, 0xA5, 0xA6, 0xA5, 0x1E, 
0xA5, 0xA6, 0xA5, 0x2D, 0xA5, 0xA6, 0xA5, 0x3B, 0xA5, 0xA6, 0xA5, 0x4A, 
0xA6, 0xA6, 0xA6, 0x64, 0xA8, 0xA8, 0xA8, 0x8A, 0xAA, 0xA8, 0xAA, 0xB0, 
0xAC, 0xAA, 0xAC, 0xD5, 0xAD, 0xAA, 0xAD, 0xEB, 0xAD, 0xAA, 0xAD, 0xF1, 
0xAD, 0xAA, 0xAD, 0xF6, 0xAD, 0xAA, 0xAD, 0xFC, 0xAD, 0xAA, 0xAD, 0xFF, 
0xAD, 0xAA, 0xAD, 0xFF, 0xAD, 0xAA, 0xAD, 0xFF, 0xAD, 0xAA, 0xAD, 0xFF, 
0xAD, 0xAA, 0xAD, 0xFE, 0xAD, 0xAA, 0xAD, 0xFC, 0xAD, 0xAA, 0xAD, 0xF9, 
0xAD, 0xAA, 0xAD, 0xF7, 0xA3, 0xA0, 0xA3, 0xD7, 0x8C, 0x89, 0x8C, 0x9A, 
0x6E, 0x6C, 0x6E, 0x59, 0x41, 0x3F, 0x41, 0x1E, 0x00, 0x00, 0x00, 0x00, 
0x00, 0x00, 0x00, 0x00, 0x00, 0x00, 0x00, 0x00, 0x00, 0x00, 0x00, 0x00, 
0x00, 0x00, 0x00, 0x00, 0x00, 0x00, 0x00, 0x00, 0x00, 0x00, 0x00, 0x00, 
0x00, 0x00, 0x00, 0x00, 0x00, 0x00, 0x00, 0x00, 0x00, 0x00, 0x00, 0x00, 
0x00, 0x00, 0x00, 0x00, 0x00, 0x00, 0x00, 0x00, 0x00, 0x00, 0x00, 0x00, 
0x00, 0x00, 0x00, 0x00, 0x00, 0x00, 0x00, 0x00, 0x00, 0x00, 0x00, 0x00, 
0x00, 0x00, 0x00, 0x00, 0x00, 0x00, 0x00, 0x00, 0x00, 0x00, 0x00, 0x00, 
0x00, 0x00, 0x00, 0x00, 0x00, 0x00, 0x00, 0x00, 0x00, 0x00, 0x00, 0x00, 
0x00, 0x00, 0x00, 0x00, 0x00, 0x00, 0x00, 0x00, 0x00, 0x00, 0x00, 0x00, 
0x00, 0x00, 0x00, 0x00, 0x00, 0x00, 0x00, 0x00, 0x00, 0x00, 0x00, 0x00, 
0x00, 0x00, 0x00, 0x00, 0x00, 0x00, 0x00, 0x00, 0x00, 0x00, 0x00, 0x00, 
0x00, 0x00, 0x00, 0x00, 0x39, 0x3A, 0x39, 0x03, 0x63, 0x63, 0x63, 0x0A, 
0x7D, 0x7E, 0x7D, 0x10, 0x92, 0x93, 0x92, 0x17, 0x9D, 0x9D, 0x9D, 0x17, 
0x9F, 0xA0, 0x9F, 0x10, 0xA2, 0xA2, 0xA2, 0x0A, 0xA4, 0xA5, 0xA4, 0x03, 
0xA5, 0xA6, 0xA5, 0x0E, 0xA5, 0xA6, 0xA5, 0x29, 0xA5, 0xA6, 0xA5, 0x44, 
0xA5, 0xA6, 0xA5, 0x5F, 0xA6, 0xA6, 0xA6, 0x7E, 0xA8, 0xA8, 0xA8, 0xA3, 
0xAA, 0xA8, 0xAA, 0xC8, 0xAC, 0xAA, 0xAC, 0xED, 0xAD, 0xAA, 0xAD, 0xFF, 
0xAD, 0xAA, 0xAD, 0xFF, 0xAD, 0xAA, 0xAD, 0xFF, 0xAD, 0xAA, 0xAD, 0xFF, 
0xAD, 0xAA, 0xAD, 0xFF, 0xAD, 0xAA, 0xAD, 0xFF, 0xAD, 0xAA, 0xAD, 0xFF, 
0xAD, 0xAA, 0xAD, 0xFF, 0xAD, 0xAA, 0xAD, 0xFD, 0xAD, 0xAA, 0xAD, 0xF8, 
0xAD, 0xAA, 0xAD, 0xF4, 0xAD, 0xAA, 0xAD, 0xEF, 0xA3, 0xA0, 0xA3, 0xCF, 
0x8C, 0x89, 0x8C, 0x94, 0x6E, 0x6C, 0x6E, 0x4B, 0x41, 0x3F, 0x41, 0x19, 
0x00, 0x00, 0x00, 0x00, 0x00, 0x00, 0x00, 0x00, 0x00, 0x00, 0x00, 0x00, 
0x00, 0x00, 0x00, 0x00, 0x00, 0x00, 0x00, 0x00, 0x00, 0x00, 0x00, 0x00, 
0x00, 0x00, 0x00, 0x00, 0x00, 0x00, 0x00, 0x00, 0x00, 0x00, 0x00, 0x00, 
0x00, 0x00, 0x00, 0x00, 0x00, 0x00, 0x00, 0x00, 0x00, 0x00, 0x00, 0x00, 
0x00, 0x00, 0x00, 0x00, 0x00, 0x00, 0x00, 0x00, 0x00, 0x00, 0x00, 0x00, 
0x00, 0x00, 0x00, 0x00, 0x00, 0x00, 0x00, 0x00, 0x00, 0x00, 0x00, 0x00, 
0x00, 0x00, 0x00, 0x00, 0x00, 0x00, 0x00, 0x00, 0x00, 0x00, 0x00, 0x00, 
0x00, 0x00, 0x00, 0x00, 0x00, 0x00, 0x00, 0x00, 0x00, 0x00, 0x00, 0x00, 
0x00, 0x00, 0x00, 0x00, 0x00, 0x00, 0x00, 0x00, 0x00, 0x00, 0x00, 0x00, 
0x00, 0x00, 0x00, 0x00, 0x00, 0x00, 0x00, 0x00, 0x00, 0x00, 0x00, 0x00, 
0x00, 0x00, 0x00, 0x00, 0x00, 0x00, 0x00, 0x00, 0x30, 0x30, 0x30, 0x02, 
0x54, 0x54, 0x54, 0x07, 0x6B, 0x6C, 0x6B, 0x0C, 0x7D, 0x7E, 0x7D, 0x10, 
0x8A, 0x8B, 0x8A, 0x10, 0x92, 0x93, 0x92, 0x0C, 0x9A, 0x9B, 0x9A, 0x07, 
0xA2, 0xA2, 0xA2, 0x02, 0xA5, 0xA6, 0xA5, 0x11, 0xA5, 0xA6, 0xA5, 0x34, 
0xA5, 0xA6, 0xA5, 0x56, 0xA5, 0xA6, 0xA5, 0x79, 0xA6, 0xA6, 0xA6, 0x99, 
0xA8, 0xA8, 0xA8, 0xB6, 0xAA, 0xA8, 0xAA, 0xD3, 0xAC, 0xAA, 0xAC, 0xF0, 
0xAD, 0xAA, 0xAD, 0xFF, 0xAD, 0xAA, 0xAD, 0xFF, 0xAD, 0xAA, 0xAD, 0xFF, 
0xAD, 0xAA, 0xAD, 0xFF, 0xAD, 0xAA, 0xAD, 0xFF, 0xAD, 0xAA, 0xAD, 0xFF, 
0xAD, 0xAA, 0xAD, 0xFF, 0xAD, 0xAA, 0xAD, 0xFF, 0xAD, 0xAA, 0xAD, 0xF8, 
0xAD, 0xAA, 0xAD, 0xEB, 0xAD, 0xAA, 0xAD, 0xDD, 0xAD, 0xAA, 0xAD, 0xD0, 
0xA3, 0xA0, 0xA3, 0xB0, 0x8C, 0x89, 0x8C, 0x7E, 0x6E, 0x6C, 0x6E, 0x3E, 
0x41, 0x3F, 0x41, 0x15, 0x00, 0x00, 0x00, 0x00, 0x00, 0x00, 0x00, 0x00, 
0x00, 0x00, 0x00, 0x00, 0x00, 0x00, 0x00, 0x00, 0x00, 0x00, 0x00, 0x00, 
0x00, 0x00, 0x00, 0x00, 0x00, 0x00, 0x00, 0x00, 0x00, 0x00, 0x00, 0x00, 
0x00, 0x00, 0x00, 0x00, 0x00, 0x00, 0x00, 0x00, 0x00, 0x00, 0x00, 0x00, 
0x00, 0x00, 0x00, 0x00, 0x00, 0x00, 0x00, 0x00, 0x00, 0x00, 0x00, 0x00, 
0x00, 0x00, 0x00, 0x00, 0x00, 0x00, 0x00, 0x00, 0x00, 0x00, 0x00, 0x00, 
0x00, 0x00, 0x00, 0x00, 0x00, 0x00, 0x00, 0x00, 0x00, 0x00, 0x00, 0x00, 
0x00, 0x00, 0x00, 0x00, 0x00, 0x00, 0x00, 0x00, 0x00, 0x00, 0x00, 0x00, 
0x00, 0x00, 0x00, 0x00, 0x00, 0x00, 0x00, 0x00, 0x00, 0x00, 0x00, 0x00, 
0x00, 0x00, 0x00, 0x00, 0x00, 0x00, 0x00, 0x00, 0x00, 0x00, 0x00, 0x00, 
0x00, 0x00, 0x00, 0x00, 0x00, 0x00, 0x00, 0x00, 0x00, 0x00, 0x00, 0x00, 
0x24, 0x24, 0x24, 0x01, 0x41, 0x41, 0x41, 0x04, 0x54, 0x54, 0x54, 0x07, 
0x63, 0x63, 0x63, 0x0A, 0x73, 0x73, 0x73, 0x0A, 0x84, 0x84, 0x84, 0x07, 
0x92, 0x93, 0x92, 0x04, 0x9F, 0xA0, 0x9F, 0x01, 0xA5, 0xA6, 0xA5, 0x15, 
0xA5, 0xA6, 0xA5, 0x3F, 0xA5, 0xA6, 0xA5, 0x69, 0xA5, 0xA6, 0xA5, 0x94, 
0xA6, 0xA6, 0xA6, 0xB3, 0xA8, 0xA8, 0xA8, 0xC9, 0xAA, 0xA8, 0xAA, 0xDF, 
0xAC, 0xAA, 0xAC, 0xF4, 0xAD, 0xAA, 0xAD, 0xFF, 0xAD, 0xAA, 0xAD, 0xFF, 
0xAD, 0xAA, 0xAD, 0xFF, 0xAD, 0xAA, 0xAD, 0xFF, 0xAD, 0xAA, 0xAD, 0xFF, 
0xAD, 0xAA, 0xAD, 0xFF, 0xAD, 0xAA, 0xAD, 0xFF, 0xAD, 0xAA, 0xAD, 0xFF, 
0xAD, 0xAA, 0xAD, 0xF4, 0xAD, 0xAA, 0xAD, 0xDD, 0xAD, 0xAA, 0xAD, 0xC7, 
0xAD, 0xAA, 0xAD, 0xB0, 0xA3, 0xA0, 0xA3, 0x90, 0x8C, 0x89, 0x8C, 0x67, 
0x6E, 0x6C, 0x6E, 0x30, 0x41, 0x3F, 0x41, 0x10, 0x00, 0x00, 0x00, 0x00, 
0x00, 0x00, 0x00, 0x00, 0x00, 0x00, 0x00, 0x00, 0x00, 0x00, 0x00, 0x00, 
0x00, 0x00, 0x00, 0x00, 0x00, 0x00, 0x00, 0x00, 0x00, 0x00, 0x00, 0x00, 
0x00, 0x00, 0x00, 0x00, 0x00, 0x00, 0x00, 0x00, 0x00, 0x00, 0x00, 0x00, 
0x00, 0x00, 0x00, 0x00, 0x00, 0x00, 0x00, 0x00, 0x00, 0x00, 0x00, 0x00, 
0x00, 0x00, 0x00, 0x00, 0x00, 0x00, 0x00, 0x00, 0x00, 0x00, 0x00, 0x00, 
0x00, 0x00, 0x00, 0x00, 0x00, 0x00, 0x00, 0x00, 0x00, 0x00, 0x00, 0x00, 
0x00, 0x00, 0x00, 0x00, 0x00, 0x00, 0x00, 0x00, 0x00, 0x00, 0x00, 0x00, 
0x00, 0x00, 0x00, 0x00, 0x00, 0x00, 0x00, 0x00, 0x00, 0x00, 0x00, 0x00, 
0x00, 0x00, 0x00, 0x00, 0x00, 0x00, 0x00, 0x00, 0x00, 0x00, 0x00, 0x00, 
0x00, 0x00, 0x00, 0x00, 0x00, 0x00, 0x00, 0x00, 0x00, 0x00, 0x00, 0x00, 
0x00, 0x00, 0x00, 0x00, 0x12, 0x12, 0x12, 0x00, 0x24, 0x24, 0x24, 0x01, 
0x30, 0x30, 0x30, 0x02, 0x39, 0x3A, 0x39, 0x03, 0x54, 0x54, 0x54, 0x03, 
0x73, 0x73, 0x73, 0x02, 0x8A, 0x8B, 0x8A, 0x01, 0x9D, 0x9D, 0x9D, 0x00, 
0xA5, 0xA6, 0xA5, 0x19, 0xA5, 0xA6, 0xA5, 0x4B, 0xA5, 0xA6, 0xA5, 0x7C, 
0xA5, 0xA6, 0xA5, 0xAE, 0xA6, 0xA6, 0xA6, 0xCE, 0xA8, 0xA8, 0xA8, 0xDC, 
0xAA, 0xA8, 0xAA, 0xEA, 0xAC, 0xAA, 0xAC, 0xF8, 0xAD, 0xAA, 0xAD, 0xFF, 
0xAD, 0xAA, 0xAD, 0xFF, 0xAD, 0xAA, 0xAD, 0xFF, 0xAD, 0xAA, 0xAD, 0xFF, 
0xAD, 0xAA, 0xAD, 0xFF, 0xAD, 0xAA, 0xAD, 0xFF, 0xAD, 0xAA, 0xAD, 0xFF, 
0xAD, 0xAA, 0xAD, 0xFF, 0xAD, 0xAA, 0xAD, 0xEF, 0xAD, 0xAA, 0xAD, 0xD0, 
0xAD, 0xAA, 0xAD, 0xB0, 0xAD, 0xAA, 0xAD, 0x91, 0xA3, 0xA0, 0xA3, 0x71, 
0x8C, 0x89, 0x8C, 0x51, 0x68, 0x66, 0x68, 0x24, 0x3C, 0x3B, 0x3C, 0x0C, 
0x00, 0x00, 0x00, 0x00, 0x00, 0x00, 0x00, 0x00, 0x00, 0x00, 0x00, 0x00, 
0x00, 0x00, 0x00, 0x00, 0x00, 0x00, 0x00, 0x00, 0x00, 0x00, 0x00, 0x00, 
0x00, 0x00, 0x00, 0x00, 0x00, 0x00, 0x00, 0x00, 0x00, 0x00, 0x00, 0x00, 
0x00, 0x00, 0x00, 0x00, 0x00, 0x00, 0x00, 0x00, 0x00, 0x00, 0x00, 0x00, 
0x00, 0x00, 0x00, 0x00, 0x00, 0x00, 0x00, 0x00, 0x00, 0x00, 0x00, 0x00, 
0x00, 0x00, 0x00, 0x00, 0x00, 0x00, 0x00, 0x00, 0x00, 0x00, 0x00, 0x00, 
0x00, 0x00, 0x00, 0x00, 0x00, 0x00, 0x00, 0x00, 0x00, 0x00, 0x00, 0x00, 
0x00, 0x00, 0x00, 0x00, 0x00, 0x00, 0x00, 0x00, 0x00, 0x00, 0x00, 0x00, 
0x00, 0x00, 0x00, 0x00, 0x00, 0x00, 0x00, 0x00, 0x00, 0x00, 0x00, 0x00, 
0x00, 0x00, 0x00, 0x00, 0x00, 0x00, 0x00, 0x00, 0x00, 0x00, 0x00, 0x00, 
0x00, 0x00, 0x00, 0x00, 0x00, 0x00, 0x00, 0x00, 0x00, 0x00, 0x00, 0x00, 
0x00, 0x00, 0x00, 0x00, 0x00, 0x00, 0x00, 0x00, 0x00, 0x00, 0x00, 0x00, 
0x39, 0x3A, 0x39, 0x00, 0x63, 0x63, 0x63, 0x00, 0x7D, 0x7E, 0x7D, 0x00, 
0x92, 0x93, 0x92, 0x00, 0x9D, 0x9D, 0x9D, 0x18, 0x9F, 0xA0, 0x9F, 0x48, 
0xA2, 0xA2, 0xA2, 0x77, 0xA4, 0xA5, 0xA4, 0xA7, 0xA6, 0xA6, 0xA6, 0xC6, 
0xA8, 0xA8, 0xA8, 0xD4, 0xAA, 0xA8, 0xAA, 0xE1, 0xAC, 0xAA, 0xAC, 0xEF, 
0xAD, 0xAA, 0xAD, 0xF7, 0xAD, 0xAA, 0xAD, 0xF9, 0xAD, 0xAA, 0xAD, 0xFC, 
0xAD, 0xAA, 0xAD, 0xFE, 0xAD, 0xAA, 0xAD, 0xFD, 0xAD, 0xAA, 0xAD, 0xF8, 
0xAD, 0xAA, 0xAD, 0xF4, 0xAD, 0xAA, 0xAD, 0xEF, 0xAC, 0xA9, 0xAC, 0xDC, 
0xA9, 0xA6, 0xA9, 0xB9, 0xA7, 0xA4, 0xA7, 0x96, 0xA4, 0xA2, 0xA4, 0x73, 
0x99, 0x97, 0x99, 0x55, 0x84, 0x81, 0x84, 0x3D, 0x58, 0x57, 0x58, 0x1A, 
0x33, 0x32, 0x33, 0x09, 0x00, 0x00, 0x00, 0x00, 0x00, 0x00, 0x00, 0x00, 
0x00, 0x00, 0x00, 0x00, 0x00, 0x00, 0x00, 0x00, 0x00, 0x00, 0x00, 0x00, 
0x00, 0x00, 0x00, 0x00, 0x00, 0x00, 0x00, 0x00, 0x00, 0x00, 0x00, 0x00, 
0x00, 0x00, 0x00, 0x00, 0x00, 0x00, 0x00, 0x00, 0x00, 0x00, 0x00, 0x00, 
0x00, 0x00, 0x00, 0x00, 0x00, 0x00, 0x00, 0x00, 0x00, 0x00, 0x00, 0x00, 
0x00, 0x00, 0x00, 0x00, 0x00, 0x00, 0x00, 0x00, 0x00, 0x00, 0x00, 0x00, 
0x00, 0x00, 0x00, 0x00, 0x00, 0x00, 0x00, 0x00, 0x00, 0x00, 0x00, 0x00, 
0x00, 0x00, 0x00, 0x00, 0x00, 0x00, 0x00, 0x00, 0x00, 0x00, 0x00, 0x00, 
0x00, 0x00, 0x00, 0x00, 0x00, 0x00, 0x00, 0x00, 0x00, 0x00, 0x00, 0x00, 
0x00, 0x00, 0x00, 0x00, 0x00, 0x00, 0x00, 0x00, 0x00, 0x00, 0x00, 0x00, 
0x00, 0x00, 0x00, 0x00, 0x00, 0x00, 0x00, 0x00, 0x00, 0x00, 0x00, 0x00, 
0x00, 0x00, 0x00, 0x00, 0x00, 0x00, 0x00, 0x00, 0x00, 0x00, 0x00, 0x00, 
0x00, 0x00, 0x00, 0x00, 0x30, 0x30, 0x30, 0x00, 0x54, 0x54, 0x54, 0x00, 
0x6B, 0x6C, 0x6B, 0x00, 0x7D, 0x7E, 0x7D, 0x00, 0x8A, 0x8B, 0x8A, 0x12, 
0x92, 0x93, 0x92, 0x36, 0x9A, 0x9B, 0x9A, 0x5B, 0xA2, 0xA2, 0xA2, 0x7F, 
0xA6, 0xA6, 0xA6, 0x9B, 0xA8, 0xA8, 0xA8, 0xB0, 0xAA, 0xA8, 0xAA, 0xC5, 
0xAC, 0xAA, 0xAC, 0xDA, 0xAD, 0xAA, 0xAD, 0xE7, 0xAD, 0xAA, 0xAD, 0xEE, 
0xAD, 0xAA, 0xAD, 0xF5, 0xAD, 0xAA, 0xAD, 0xFC, 0xAD, 0xAA, 0xAD, 0xF8, 
0xAD, 0xAA, 0xAD, 0xEB, 0xAD, 0xAA, 0xAD, 0xDD, 0xAD, 0xAA, 0xAD, 0xD0, 
0xA9, 0xA6, 0xA9, 0xB9, 0xA2, 0x9F, 0xA2, 0x98, 0x99, 0x97, 0x99, 0x77, 
0x90, 0x8E, 0x90, 0x56, 0x84, 0x81, 0x84, 0x3D, 0x70, 0x6F, 0x70, 0x2B, 
0x45, 0x43, 0x45, 0x10, 0x26, 0x25, 0x26, 0x05, 0x00, 0x00, 0x00, 0x00, 
0x00, 0x00, 0x00, 0x00, 0x00, 0x00, 0x00, 0x00, 0x00, 0x00, 0x00, 0x00, 
0x00, 0x00, 0x00, 0x00, 0x00, 0x00, 0x00, 0x00, 0x00, 0x00, 0x00, 0x00, 
0x00, 0x00, 0x00, 0x00, 0x00, 0x00, 0x00, 0x00, 0x00, 0x00, 0x00, 0x00, 
0x00, 0x00, 0x00, 0x00, 0x00, 0x00, 0x00, 0x00, 0x00, 0x00, 0x00, 0x00, 
0x00, 0x00, 0x00, 0x00, 0x00, 0x00, 0x00, 0x00, 0x00, 0x00, 0x00, 0x00, 
0x00, 0x00, 0x00, 0x00, 0x00, 0x00, 0x00, 0x00, 0x00, 0x00, 0x00, 0x00, 
0x00, 0x00, 0x00, 0x00, 0x00, 0x00, 0x00, 0x00, 0x00, 0x00, 0x00, 0x00, 
0x00, 0x00, 0x00, 0x00, 0x00, 0x00, 0x00, 0x00, 0x00, 0x00, 0x00, 0x00, 
0x00, 0x00, 0x00, 0x00, 0x00, 0x00, 0x00, 0x00, 0x00, 0x00, 0x00, 0x00, 
0x00, 0x00, 0x00, 0x00, 0x00, 0x00, 0x00, 0x00, 0x00, 0x00, 0x00, 0x00, 
0x00, 0x00, 0x00, 0x00, 0x00, 0x00, 0x00, 0x00, 0x00, 0x00, 0x00, 0x00, 
0x00, 0x00, 0x00, 0x00, 0x00, 0x00, 0x00, 0x00, 0x24, 0x24, 0x24, 0x00, 
0x41, 0x41, 0x41, 0x00, 0x54, 0x54, 0x54, 0x00, 0x63, 0x63, 0x63, 0x00, 
0x73, 0x73, 0x73, 0x0C, 0x84, 0x84, 0x84, 0x25, 0x92, 0x93, 0x92, 0x3E, 
0x9F, 0xA0, 0x9F, 0x57, 0xA6, 0xA6, 0xA6, 0x71, 0xA8, 0xA8, 0xA8, 0x8D, 
0xAA, 0xA8, 0xAA, 0xA8, 0xAC, 0xAA, 0xAC, 0xC4, 0xAD, 0xAA, 0xAD, 0xD8, 
0xAD, 0xAA, 0xAD, 0xE3, 0xAD, 0xAA, 0xAD, 0xEE, 0xAD, 0xAA, 0xAD, 0xF9, 
0xAD, 0xAA, 0xAD, 0xF4, 0xAD, 0xAA, 0xAD, 0xDD, 0xAD, 0xAA, 0xAD, 0xC7, 
0xAD, 0xAA, 0xAD, 0xB0, 0xA7, 0xA4, 0xA7, 0x96, 0x99, 0x97, 0x99, 0x77, 
0x8A, 0x88, 0x8A, 0x58, 0x79, 0x76, 0x79, 0x39, 0x68, 0x66, 0x68, 0x24, 
0x58, 0x57, 0x58, 0x1A, 0x26, 0x25, 0x26, 0x05, 0x13, 0x13, 0x13, 0x02, 
0x00, 0x00, 0x00, 0x00, 0x00, 0x00, 0x00, 0x00, 0x00, 0x00, 0x00, 0x00, 
0x00, 0x00, 0x00, 0x00, 0x00, 0x00, 0x00, 0x00, 0x00, 0x00, 0x00, 0x00, 
0x00, 0x00, 0x00, 0x00, 0x00, 0x00, 0x00, 0x00, 0x00, 0x00, 0x00, 0x00, 
0x00, 0x00, 0x00, 0x00, 0x00, 0x00, 0x00, 0x00, 0x00, 0x00, 0x00, 0x00, 
0x00, 0x00, 0x00, 0x00, 0x00, 0x00, 0x00, 0x00, 0x00, 0x00, 0x00, 0x00, 
0x00, 0x00, 0x00, 0x00, 0x00, 0x00, 0x00, 0x00, 0x00, 0x00, 0x00, 0x00, 
0x00, 0x00, 0x00, 0x00, 0x00, 0x00, 0x00, 0x00, 0x00, 0x00, 0x00, 0x00, 
0x00, 0x00, 0x00, 0x00, 0x00, 0x00, 0x00, 0x00, 0x00, 0x00, 0x00, 0x00, 
0x00, 0x00, 0x00, 0x00, 0x00, 0x00, 0x00, 0x00, 0x00, 0x00, 0x00, 0x00, 
0x00, 0x00, 0x00, 0x00, 0x00, 0x00, 0x00, 0x00, 0x00, 0x00, 0x00, 0x00, 
0x00, 0x00, 0x00, 0x00, 0x00, 0x00, 0x00, 0x00, 0x00, 0x00, 0x00, 0x00, 
0x00, 0x00, 0x00, 0x00, 0x00, 0x00, 0x00, 0x00, 0x00, 0x00, 0x00, 0x00, 
0x12, 0x12, 0x12, 0x00, 0x24, 0x24, 0x24, 0x00, 0x30, 0x30, 0x30, 0x00, 
0x39, 0x3A, 0x39, 0x00, 0x54, 0x54, 0x54, 0x07, 0x73, 0x73, 0x73, 0x14, 
0x8A, 0x8B, 0x8A, 0x21, 0x9D, 0x9D, 0x9D, 0x2E, 0xA6, 0xA6, 0xA6, 0x46, 
0xA8, 0xA8, 0xA8, 0x69, 0xAA, 0xA8, 0xAA, 0x8C, 0xAC, 0xAA, 0xAC, 0xAF, 
0xAD, 0xAA, 0xAD, 0xC8, 0xAD, 0xAA, 0xAD, 0xD8, 0xAD, 0xAA, 0xAD, 0xE7, 
0xAD, 0xAA, 0xAD, 0xF7, 0xAD, 0xAA, 0xAD, 0xEF, 0xAD, 0xAA, 0xAD, 0xD0, 
0xAD, 0xAA, 0xAD, 0xB0, 0xAD, 0xAA, 0xAD, 0x91, 0xA4, 0xA2, 0xA4, 0x73, 
0x90, 0x8E, 0x90, 0x56, 0x79, 0x76, 0x79, 0x39, 0x58, 0x57, 0x58, 0x1C, 
0x3C, 0x3B, 0x3C, 0x0C, 0x33, 0x32, 0x33, 0x09, 0x32, 0x32, 0x32, 0x12, 
0x3B, 0x3B, 0x3B, 0x19, 0x3F, 0x3F, 0x3F, 0x1B, 0x3F, 0x3F, 0x3F, 0x1A, 
0x3F, 0x3F, 0x3F, 0x18, 0x3F, 0x3F, 0x3F, 0x16, 0x3F, 0x3F, 0x3F, 0x14, 
0x3F, 0x3F, 0x3F, 0x12, 0x3F, 0x3F, 0x3F, 0x11, 0x3F, 0x3F, 0x3F, 0x0F, 
0x3F, 0x3F, 0x3F, 0x0D, 0x3F, 0x3F, 0x3F, 0x0C, 0x3F, 0x3F, 0x3F, 0x0A, 
0x3F, 0x3F, 0x3F, 0x08, 0x40, 0x3F, 0x40, 0x06, 0x40, 0x3F, 0x40, 0x04, 
0x40, 0x3F, 0x40, 0x03, 0x41, 0x3F, 0x41, 0x01, 0x3C, 0x3B, 0x3C, 0x00, 
0x33, 0x32, 0x33, 0x00, 0x26, 0x25, 0x26, 0x00, 0x13, 0x13, 0x13, 0x00, 
0x00, 0x00, 0x00, 0x00, 0x00, 0x00, 0x00, 0x00, 0x00, 0x00, 0x00, 0x00, 
0x00, 0x00, 0x00, 0x00, 0x00, 0x00, 0x00, 0x00, 0x00, 0x00, 0x00, 0x00, 
0x00, 0x00, 0x00, 0x00, 0x00, 0x00, 0x00, 0x00, 0x00, 0x00, 0x00, 0x00, 
0x00, 0x00, 0x00, 0x00, 0x00, 0x00, 0x00, 0x00, 0x00, 0x00, 0x00, 0x00, 
0x00, 0x00, 0x00, 0x00, 0x00, 0x00, 0x00, 0x00, 0x00, 0x00, 0x00, 0x00, 
0x00, 0x00, 0x00, 0x00, 0x00, 0x00, 0x00, 0x00, 0x00, 0x00, 0x00, 0x00, 
0x00, 0x00, 0x00, 0x00, 0x00, 0x00, 0x00, 0x00, 0x39, 0x3A, 0x39, 0x03, 
0x63, 0x63, 0x63, 0x0A, 0x7D, 0x7E, 0x7D, 0x10, 0x92, 0x93, 0x92, 0x17, 
0x9C, 0x9D, 0x9C, 0x2B, 0x9E, 0x9E, 0x9E, 0x4C, 0xA0, 0x9F, 0xA0, 0x6E, 
0xA2, 0xA0, 0xA2, 0x8F, 0xA3, 0xA0, 0xA3, 0xA8, 0xA3, 0xA0, 0xA3, 0xB8, 
0xA3, 0xA0, 0xA3, 0xC7, 0xA3, 0xA0, 0xA3, 0xD7, 0xA3, 0xA0, 0xA3, 0xCF, 
0xA3, 0xA0, 0xA3, 0xB0, 0xA3, 0xA0, 0xA3, 0x90, 0xA3, 0xA0, 0xA3, 0x71, 
0x99, 0x97, 0x99, 0x55, 0x84, 0x81, 0x84, 0x3D, 0x68, 0x66, 0x68, 0x24, 
0x3C, 0x3B, 0x3C, 0x0C, 0x13, 0x13, 0x13, 0x04, 0x25, 0x25, 0x25, 0x0B, 
0x57, 0x57, 0x57, 0x35, 0x66, 0x66, 0x66, 0x4A, 0x6C, 0x6C, 0x6C, 0x52, 
0x6C, 0x6C, 0x6C, 0x4D, 0x6C, 0x6C, 0x6C, 0x48, 0x6C, 0x6C, 0x6C, 0x42, 
0x6C, 0x6C, 0x6C, 0x3D, 0x6C, 0x6C, 0x6C, 0x38, 0x6C, 0x6C, 0x6C, 0x32, 
0x6C, 0x6C, 0x6C, 0x2D, 0x6C, 0x6C, 0x6C, 0x28, 0x6C, 0x6C, 0x6C, 0x22, 
0x6C, 0x6C, 0x6C, 0x1D, 0x6C, 0x6C, 0x6C, 0x18, 0x6D, 0x6C, 0x6D, 0x13, 
0x6D, 0x6C, 0x6D, 0x0D, 0x6E, 0x6C, 0x6E, 0x08, 0x6E, 0x6C, 0x6E, 0x03, 
0x68, 0x66, 0x68, 0x00, 0x58, 0x57, 0x58, 0x00, 0x45, 0x43, 0x45, 0x00, 
0x26, 0x25, 0x26, 0x00, 0x00, 0x00, 0x00, 0x00, 0x00, 0x00, 0x00, 0x00, 
0x00, 0x00, 0x00, 0x00, 0x00, 0x00, 0x00, 0x00, 0x00, 0x00, 0x00, 0x00, 
0x00, 0x00, 0x00, 0x00, 0x00, 0x00, 0x00, 0x00, 0x00, 0x00, 0x00, 0x00, 
0x00, 0x00, 0x00, 0x00, 0x00, 0x00, 0x00, 0x00, 0x00, 0x00, 0x00, 0x00, 
0x00, 0x00, 0x00, 0x00, 0x00, 0x00, 0x00, 0x00, 0x00, 0x00, 0x00, 0x00, 
0x00, 0x00, 0x00, 0x00, 0x00, 0x00, 0x00, 0x00, 0x00, 0x00, 0x00, 0x00, 
0x00, 0x00, 0x00, 0x00, 0x00, 0x00, 0x00, 0x00, 0x00, 0x00, 0x00, 0x00, 
0x30, 0x30, 0x30, 0x02, 0x54, 0x54, 0x54, 0x07, 0x6B, 0x6C, 0x6B, 0x0C, 
0x7D, 0x7E, 0x7D, 0x10, 0x86, 0x86, 0x86, 0x1F, 0x88, 0x87, 0x88, 0x37, 
0x89, 0x88, 0x89, 0x4F, 0x8B, 0x89, 0x8B, 0x66, 0x8C, 0x89, 0x8C, 0x78, 
0x8C, 0x89, 0x8C, 0x83, 0x8C, 0x89, 0x8C, 0x8E, 0x8C, 0x89, 0x8C, 0x9A, 
0x8C, 0x89, 0x8C, 0x94, 0x8C, 0x89, 0x8C, 0x7E, 0x8C, 0x89, 0x8C, 0x67, 
0x8C, 0x89, 0x8C, 0x51, 0x84, 0x81, 0x84, 0x3D, 0x70, 0x6F, 0x70, 0x2B, 
0x58, 0x57, 0x58, 0x1A, 0x33, 0x32, 0x33, 0x09, 0x25, 0x25, 0x25, 0x0B, 
0x43, 0x43, 0x43, 0x20
        };
    }
}